unit_id,cycle,vibration_x,vibration_y,temperature_bearing,pressure_inlet,rpm_shaft,RUL
1,1,0.04938271604938271,0.03755442670537007,0.12257617728531844,0.9204081632653063,0.6905754795663057,199
1,2,0.06296296296296294,0.04227140783744554,0.12915512465373924,0.9360544217687079,0.7347789824854019,198
1,3,0.05216049382716054,0.03918722786647316,0.11114958448753454,0.9326530612244905,0.7172643869891573,197
1,4,0.05632716049382713,0.0315674891146589,0.14923822714681423,0.9183673469387754,0.7047539616346938,196
1,5,0.055246913580246915,0.040457184325108864,0.13434903047091407,0.9265306122448984,0.7331109257714736,195
1,6,0.07067901234567897,0.03356313497822927,0.11911357340720219,0.9095238095238094,0.7397831526271901,194
1,7,0.06450617283950616,0.03574020319303334,0.11322714681440438,0.9095238095238094,0.7406171809841524,193
1,8,0.062037037037037,0.040457184325108864,0.11634349030470892,0.9238095238095236,0.7231025854879078,192
1,9,0.05879629629629629,0.04281567489114657,0.1319252077562325,0.9299319727891158,0.7214345287739761,191
1,10,0.059259259259259234,0.041182873730043534,0.10283933518005517,0.9163265306122454,0.7030859049207656,190
1,11,0.053549382716049365,0.03465166908563133,0.15373961218836563,0.9088435374149664,0.7514595496246841,189
1,12,0.04706790123456789,0.034107402031930356,0.13088642659279737,0.9285714285714288,0.743119266055043,188
1,13,0.06234567901234567,0.034107402031930356,0.11980609418282562,0.9326530612244905,0.713094245204335,187
1,14,0.04969135802469138,0.028301886792452824,0.11184210526315752,0.9272108843537419,0.7239366138448702,186
1,15,0.06172839506172839,0.03338171262699563,0.1305401662049861,0.9292517006802723,0.7089241034195126,185
1,16,0.06033950617283951,0.03174891146589259,0.1215373961218833,0.9156462585034015,0.6788990825688046,184
1,17,0.06049382716049384,0.033200290275761934,0.12811634349030454,0.9272108843537419,0.7339449541284395,183
1,18,0.06157407407407406,0.03592162554426703,0.1204986149584486,0.9197278911564633,0.6630525437864883,182
1,19,0.048611111111111105,0.027031930333817122,0.11080332409972282,0.9258503401360545,0.6889074228523739,181
1,20,0.05509259259259258,0.0460812772133527,0.12188365650969546,0.9306122448979597,0.6880733944954116,180
1,21,0.0561728395061728,0.02975326560232222,0.12188365650969546,0.9319727891156466,0.66138448707256,179
1,22,0.06018518518518512,0.038280116110304796,0.11772853185595533,0.9013605442176873,0.7214345287739761,178
1,23,0.054166666666666696,0.038280116110304796,0.12846260387811625,0.9428571428571431,0.7114261884904067,177
1,24,0.05123456790123454,0.037917271407837405,0.13157894736842124,0.9394557823129257,0.7472894078398653,176
1,25,0.05972222222222223,0.047169811320754707,0.10734072022160657,0.9122448979591842,0.6880733944954116,175
1,26,0.05509259259259258,0.02648766328011609,0.13885041551246502,0.9176870748299324,0.6697247706422012,174
1,27,0.05123456790123454,0.03882438316400583,0.14231301939058127,0.9476190476190478,0.8165137614678883,173
1,28,0.06003086419753084,0.02939042089985483,0.09106648199445999,0.9244897959183676,0.6922435362802304,172
1,29,0.05493827160493825,0.03211175616835993,0.12534626038781127,0.935374149659864,0.7247706422018325,171
1,30,0.05648148148148152,0.029027576197387495,0.0990304709141272,0.9142857142857146,0.7172643869891573,170
1,31,0.0683641975308642,0.03755442670537007,0.145083102493075,0.9136054421768711,0.6797331109257705,169
1,32,0.051543209876543206,0.03138606676342526,0.16481994459833782,0.9095238095238094,0.7472894078398653,168
1,33,0.051851851851851816,0.0433599419448476,0.13469529085872534,0.9183673469387754,0.7180984153461196,167
1,34,0.05339506172839509,0.03973149492017414,0.12015235457063689,0.9040816326530612,0.6763969974979105,166
1,35,0.05848765432098768,0.04807692307692307,0.1305401662049861,0.9190476190476193,0.7289407839866548,165
1,36,0.06558641975308638,0.0380986937590711,0.12084487534626032,0.9360544217687079,0.7331109257714736,164
1,37,0.06697530864197526,0.037917271407837405,0.10664819944598314,0.9020408163265308,0.7739783152627169,163
1,38,0.06820987654320981,0.03519593613933236,0.12119113573407159,0.9408163265306126,0.6822351959966646,162
1,39,0.05200617283950615,0.041182873730043534,0.12119113573407159,0.9204081632653063,0.7139282735612973,161
1,40,0.0595679012345679,0.04680696661828737,0.1295013850415514,0.9292517006802723,0.6505421184320248,160
1,41,0.057253086419753074,0.03047895500725689,0.10664819944598314,0.9088435374149664,0.7080900750625503,159
1,42,0.06311728395061728,0.026850507982583427,0.12846260387811625,0.9142857142857146,0.7080900750625503,158
1,43,0.06373456790123455,0.040457184325108864,0.15096952908587236,0.9183673469387754,0.6955796497080904,157
1,44,0.0561728395061728,0.038280116110304796,0.13088642659279737,0.906122448979592,0.7222685571309384,156
1,45,0.058950617283950624,0.054789550072568916,0.16031855955678687,0.9088435374149664,0.7097581317764785,155
1,46,0.04845679012345683,0.032293178519593624,0.13331024930747937,0.9374149659863948,0.6947456213511245,154
1,47,0.05339506172839509,0.02104499274310595,0.12499999999999956,0.906122448979592,0.7014178482068374,153
1,48,0.05216049382716054,0.03592162554426703,0.09764542936288079,0.9006802721088438,0.7898248540450368,152
1,49,0.04953703703703699,0.02866473149492016,0.159626038781163,0.9605442176870751,0.6797331109257705,151
1,50,0.055246913580246915,0.03900580551523947,0.15789473684210487,0.907482993197279,0.7105921601334444,150
1,51,0.06234567901234567,0.03973149492017414,0.1215373961218833,0.9190476190476193,0.6730608840700576,149
1,52,0.05601851851851852,0.03465166908563133,0.1319252077562325,0.9129251700680272,0.7347789824854019,148
1,53,0.06373456790123455,0.037735849056603765,0.13400277008310235,0.9217687074829937,0.7189324437030855,147
1,54,0.05308641975308642,0.03882438316400583,0.1263850415512464,0.9489795918367352,0.7714762301918228,146
1,55,0.05987654320987651,0.031023222060957922,0.10872576177285298,0.9367346938775509,0.7281067556296925,145
1,56,0.06049382716049384,0.02394775036284469,0.14404432132963985,0.9272108843537419,0.6822351959966646,144
1,57,0.05462962962962964,0.03846153846153849,0.12880886426592753,0.9170068027210885,0.7155963302752291,143
1,58,0.05601851851851852,0.037735849056603765,0.1533933518005539,0.8857142857142861,0.7114261884904067,142
1,59,0.05864197530864196,0.03864296081277213,0.1215373961218833,0.8965986394557821,0.7297748123436172,141
1,60,0.06820987654320981,0.025399129172714086,0.14300554016620515,0.9163265306122454,0.7172643869891573,140
1,61,0.05092592592592593,0.034107402031930356,0.15027700831024893,0.9285714285714288,0.7773144286905769,139
1,62,0.06481481481481483,0.03973149492017414,0.15824099722991702,0.9265306122448984,0.7464553794828994,138
1,63,0.05570987654320986,0.037010159651669094,0.11599722991689765,0.9340136054421775,0.6797331109257705,137
1,64,0.06234567901234567,0.03519593613933236,0.14819944598337909,0.9306122448979597,0.7798165137614674,136
1,65,0.062037037037037,0.025217706821480446,0.12673130193905813,0.9047619047619051,0.7022518765638033,135
1,66,0.06682098765432098,0.041182873730043534,0.11565096952908549,0.906802721088436,0.7206005004170137,134
1,67,0.04999999999999999,0.03174891146589259,0.13331024930747937,0.9367346938775509,0.7397831526271901,133
1,68,0.04336419753086418,0.03882438316400583,0.12915512465373924,0.9265306122448984,0.7731442869057545,132
1,69,0.04475308641975312,0.032293178519593624,0.13815789473684204,0.8993197278911569,0.7681401167639663,131
1,70,0.05972222222222223,0.04263425253991293,0.11807479224376749,0.9319727891156466,0.7547956630525405,130
1,71,0.058950617283950624,0.038280116110304796,0.1326177285318555,0.9088435374149664,0.7139282735612973,129
1,72,0.05648148148148152,0.0393686502177068,0.145083102493075,0.906122448979592,0.7147623019182667,128
1,73,0.06666666666666665,0.031204644412191562,0.11357340720221565,0.9238095238095236,0.7472894078398653,127
1,74,0.057561728395061684,0.04626269956458634,0.142659279778393,0.9319727891156466,0.737281067556296,126
1,75,0.07191358024691352,0.03501451378809867,0.09314404432132983,0.9428571428571431,0.7039199332777315,125
1,76,0.05817901234567896,0.0460812772133527,0.1000692520775619,0.9034013605442182,0.6655546288573824,124
1,77,0.052623456790123424,0.03973149492017414,0.13711911357340734,0.9244897959183676,0.6722268557130917,123
1,78,0.043209876543209846,0.037010159651669094,0.11980609418282562,0.9272108843537419,0.7422852376980806,122
1,79,0.05833333333333335,0.0420899854862119,0.1319252077562325,0.9278911564625854,0.6955796497080904,121
1,80,0.05632716049382713,0.037917271407837405,0.14196675900277,0.9156462585034015,0.7364470391993336,120
1,81,0.055864197530864246,0.03574020319303334,0.14231301939058127,0.8938775510204082,0.6755629691409482,119
1,82,0.04830246913580244,0.019593613933236553,0.11634349030470892,0.9306122448979597,0.7097581317764785,118
1,83,0.05864197530864196,0.04444847605224961,0.15096952908587236,0.9197278911564633,0.7639699749791475,117
1,84,0.05802469135802468,0.03047895500725689,0.11772853185595533,0.9006802721088438,0.6897414512093398,116
1,85,0.055246913580246915,0.042452830188679236,0.1575484764542936,0.9020408163265308,0.7322768974145113,115
1,86,0.05108024691358026,0.04009433962264147,0.12569252077562343,0.8959183673469391,0.7497914929107594,114
1,87,0.0537037037037037,0.03265602322206096,0.10941828254847641,0.9115646258503403,0.7331109257714736,113
1,88,0.05632716049382713,0.03900580551523947,0.13434903047091407,0.9387755102040818,0.7080900750625503,112
1,89,0.04845679012345683,0.04426705370101597,0.12222991689750673,0.9360544217687079,0.7322768974145113,111
1,90,0.0566358024691358,0.03918722786647316,0.16170360110803284,0.9489795918367352,0.7214345287739761,110
1,91,0.05848765432098768,0.04444847605224961,0.11322714681440438,0.9251700680272115,0.7180984153461196,109
1,92,0.05941358024691357,0.03047895500725689,0.10041551246537361,0.8925170068027217,0.6822351959966646,108
1,93,0.05462962962962964,0.03447024673439769,0.16135734072022156,0.9360544217687079,0.6872393661384457,107
1,94,0.0595679012345679,0.03356313497822927,0.12292243767313016,0.9231292517006806,0.7397831526271901,106
1,95,0.05540123456790125,0.04426705370101597,0.10803324099722955,0.9210884353741497,0.8056713928273531,105
1,96,0.058950617283950624,0.04698838896952101,0.1295013850415514,0.9285714285714288,0.7172643869891573,104
1,97,0.05648148148148152,0.030841799709724227,0.1353878116343492,0.9088435374149664,0.7414512093411147,103
1,98,0.06419753086419755,0.03918722786647316,0.12292243767313016,0.9272108843537419,0.7089241034195126,102
1,99,0.06327160493827155,0.023222060957910018,0.12222991689750673,0.8938775510204082,0.6688907422852388,101
1,100,0.0658950617283951,0.04299709724238027,0.11530470914127378,0.9000000000000004,0.6205170975813168,100
1,101,0.054166666666666696,0.05424528301886794,0.1353878116343492,0.9129251700680272,0.7347789824854019,99
1,102,0.04830246913580244,0.03483309143686503,0.12984764542936267,0.9190476190476193,0.7456213511259371,98
1,103,0.06049382716049384,0.04227140783744554,0.11668975069252063,0.9319727891156466,0.7731442869057545,97
1,104,0.05293209876543209,0.0315674891146589,0.15235457063711877,0.9170068027210885,0.7648040033361134,96
1,105,0.0570987654320988,0.049346879535558774,0.13227146814404422,0.9224489795918367,0.7698081734778981,95
1,106,0.05864197530864196,0.033018867924528295,0.12326869806094143,0.9238095238095236,0.6647206005004165,94
1,107,0.0658950617283951,0.037191582002902734,0.15200831024930705,0.8843537414965987,0.6897414512093398,93
1,108,0.05308641975308642,0.036465892597968064,0.13781163434903032,0.9129251700680272,0.7064220183486256,92
1,109,0.06404320987654322,0.04535558780841803,0.11738227146814362,0.9238095238095236,0.7356130108423677,91
1,110,0.06913580246913581,0.049709724238026165,0.1416204986149583,0.9401360544217687,0.7097581317764785,90
1,111,0.06682098765432098,0.0420899854862119,0.1204986149584486,0.8938775510204082,0.6814011676396987,89
1,112,0.07037037037037036,0.05206821480406387,0.14127423822714658,0.898639455782313,0.7397831526271901,88
1,113,0.07777777777777778,0.05079825834542817,0.13123268698060953,0.9142857142857146,0.7139282735612973,87
1,114,0.06666666666666665,0.05388243831640055,0.14958448753462594,0.8925170068027217,0.7122602168473726,86
1,115,0.06929012345679009,0.06658200290275762,0.1689750692520775,0.898639455782313,0.7164303586321914,85
1,116,0.06635802469135799,0.051342525399129146,0.145083102493075,0.8850340136054426,0.7256046705587984,84
1,117,0.09660493827160493,0.05424528301886794,0.1385041551246533,0.9006802721088438,0.7539616346955782,83
1,118,0.07993827160493827,0.06785195936139332,0.18767313019390564,0.8721088435374154,0.6547122602168471,82
1,119,0.08827160493827163,0.06549346879535561,0.17313019390581674,0.8945578231292521,0.6355296080066708,81
1,120,0.09768518518518521,0.06857764876632799,0.18455678670360065,0.8795918367346944,0.6713928273561294,80
1,121,0.10169753086419753,0.08218432510885343,0.17382271468144062,0.8619047619047624,0.707256046705588,79
1,122,0.09598765432098766,0.08218432510885343,0.145083102493075,0.8870748299319731,0.6597164303586283,78
1,123,0.0986111111111111,0.08980406386066764,0.17797783933517985,0.8693877551020415,0.7322768974145113,77
1,124,0.108179012345679,0.08907837445573291,0.18247922437673125,0.8653061224489802,0.6964136780650527,76
1,125,0.11203703703703705,0.09034833091436867,0.20567867036011078,0.8557823129251703,0.5971643035863181,75
1,126,0.1300925925925926,0.11647314949201742,0.1793628808864267,0.8394557823129256,0.6638865721434506,74
1,127,0.12330246913580245,0.101233671988389,0.17174515235457077,0.8693877551020415,0.6880733944954116,73
1,128,0.12083333333333335,0.11284470246734402,0.23130193905817142,0.8591836734693881,0.6555462885738095,72
1,129,0.1345679012345679,0.11738026124818579,0.17070637119113563,0.8544217687074833,0.6497080900750625,71
1,130,0.15216049382716046,0.1170174165457184,0.23476454293628768,0.8319727891156465,0.6788990825688046,70
1,131,0.14845679012345675,0.11738026124818579,0.21433518005540186,0.8585034013605446,0.6438698915763155,69
1,132,0.141820987654321,0.12935413642960808,0.20083102493074811,0.83265306122449,0.6480400333611342,68
1,133,0.14783950617283947,0.1235486211901306,0.23060941828254844,0.8244897959183675,0.5613010842368631,67
1,134,0.1694444444444444,0.14332365747460085,0.21572022160664783,0.8081632653061224,0.6697247706422012,66
1,135,0.1731481481481481,0.16491291727140783,0.24134349030470892,0.8258503401360549,0.6321934945788144,65
1,136,0.18256172839506168,0.15874455732946297,0.2617728531855952,0.8081632653061224,0.6180150125104227,64
1,137,0.18132716049382713,0.16654571843251087,0.2725069252077561,0.8027210884353742,0.6138448707256003,63
1,138,0.19320987654320987,0.1658200290275762,0.2693905817174511,0.7721088435374153,0.5954962468723934,62
1,139,0.19351851851851853,0.15765602322206096,0.2430747922437675,0.7843537414965991,0.6113427856547133,61
1,140,0.21249999999999997,0.17997097242380256,0.24861495844875314,0.7891156462585038,0.6472060050041684,60
1,141,0.20709876543209876,0.18251088534107401,0.2832409972299166,0.7802721088435378,0.6288573811509579,59
1,142,0.22067901234567894,0.20174165457184323,0.2628116343490303,0.77687074829932,0.5946622185154276,58
1,143,0.22114197530864194,0.19303338171262696,0.2998614958448753,0.7653061224489797,0.5613010842368631,57
1,144,0.2361111111111111,0.22042815674891153,0.25588642659279737,0.7421768707482999,0.558798999165969,56
1,145,0.2540123456790124,0.22224238026124815,0.3164819944598336,0.740136054421769,0.5462885738115091,55
1,146,0.2561728395061728,0.22895500725689405,0.3206371191135733,0.7455782312925172,0.5871559633027523,54
1,147,0.2629629629629629,0.2425616835994195,0.3331024930747919,0.7183673469387757,0.49708090075062117,53
1,148,0.2770061728395062,0.25417271407837444,0.3095567867036011,0.7074829931972793,0.5688073394495419,52
1,149,0.2854938271604938,0.2674165457184325,0.3448753462603875,0.7197278911564626,0.528773978315261,51
1,150,0.28904320987654314,0.2612481857764876,0.3268698060941828,0.7442176870748303,0.6121768140116757,50
1,151,0.3054012345679012,0.2657837445573295,0.36772853185595533,0.7170068027210887,0.5604670558799008,49
1,152,0.3155864197530864,0.286465892597968,0.3746537396121883,0.7088435374149662,0.5504587155963279,48
1,153,0.30663580246913585,0.2919085631349782,0.36149584487534625,0.6741496598639456,0.5879899916597147,47
1,154,0.3381172839506173,0.3109579100145137,0.38469529085872534,0.7013605442176871,0.5246038365304422,46
1,155,0.33888888888888885,0.30297532656023224,0.3968144044321327,0.6748299319727895,0.4737281067556296,45
1,156,0.3475308641975308,0.32039187227866467,0.4304016620498614,0.6768707482993199,0.5104253544620505,44
1,157,0.35987654320987655,0.33164005805515245,0.405817174515235,0.6408163265306124,0.49708090075062117,43
1,158,0.36435185185185176,0.3327285921625544,0.42797783933517985,0.6517006802721093,0.43536280233528046,42
1,159,0.37901234567901226,0.3595791001451379,0.44771468144044313,0.6503401360544223,0.4879065888240177,41
1,160,0.38564814814814813,0.35522496371552975,0.4456371191135733,0.6319727891156468,0.5221017514595481,40
1,161,0.40879629629629627,0.3731857764876632,0.42832409972299157,0.6129251700680274,0.4778982485404484,39
1,162,0.41219135802469137,0.38098693759071117,0.46502770083102485,0.6000000000000001,0.4420350291909898,38
1,163,0.42685185185185187,0.3936865021770682,0.4757617728531853,0.6006802721088436,0.4161801501251041,37
1,164,0.4337962962962963,0.4185413642960812,0.4622576177285316,0.5578231292517009,0.383653044203502,36
1,165,0.4489197530864197,0.41999274310595064,0.49168975069252063,0.5925170068027215,0.34778982485404697,35
1,166,0.4632716049382715,0.443033381712627,0.48545706371191155,0.5598639455782317,0.40366972477064067,34
1,167,0.4675925925925926,0.4414005805515238,0.5412049861495842,0.5795918367346942,0.40867389491242534,33
1,168,0.4973765432098765,0.45627721335268506,0.558518005540166,0.5421768707482992,0.41534612176813823,32
1,169,0.5006172839506173,0.4914731494920174,0.554709141274238,0.5224489795918368,0.4336947456213487,31
1,170,0.5089506172839506,0.4775036284470247,0.56786703601108,0.5210884353741498,0.40116763969974656,30
1,171,0.5243827160493826,0.4963715529753265,0.571675900277008,0.4829931972789119,0.4053377814845689,29
1,172,0.5314814814814814,0.4963715529753265,0.5758310249307477,0.49863945578231306,0.350291909924934,28
1,173,0.5560185185185185,0.5101596516690856,0.5820637119113572,0.4775510204081632,0.3619683069224351,27
1,174,0.5662037037037035,0.5259433962264151,0.6146121883656508,0.4748299319727898,0.29024186822351794,26
1,175,0.5662037037037035,0.5468069666182873,0.6111495844875345,0.4598639455782316,0.34278565471225875,25
1,176,0.5936728395061728,0.5673076923076923,0.6087257617728525,0.433333333333334,0.29691409507923083,24
1,177,0.6083333333333334,0.583454281567489,0.6336565096952911,0.40272108843537424,0.2668890742285228,23
1,178,0.6157407407407407,0.5843613933236573,0.6475069252077561,0.4244897959183671,0.3027522935779814,22
1,179,0.6418209876543208,0.5977866473149491,0.6533933518005539,0.41768707482993195,0.2518765638031688,21
1,180,0.652469135802469,0.6179245283018868,0.6793628808864263,0.4197278911564628,0.2710592160133416,20
1,181,0.6777777777777776,0.6300798258345428,0.6738227146814402,0.38639455782312915,0.24520433694745591,19
1,182,0.6754629629629629,0.649310595065312,0.7195290858725758,0.3632653061224489,0.3035863219349437,18
1,183,0.7024691358024691,0.6719883889695208,0.7333795013850413,0.3768707482993201,0.1968306922435339,17
1,184,0.7087962962962964,0.670355587808418,0.7406509695290855,0.3367346938775513,0.2427022518765618,16
1,185,0.7381172839506172,0.6906748911465892,0.7603878116343488,0.32789115646258526,0.2393661384487089,15
1,186,0.7422839506172838,0.7106313497822931,0.7884349030470914,0.33945578231292517,0.2360300250208489,14
1,187,0.7620370370370371,0.7148040638606676,0.7815096952908585,0.3156462585034019,0.2427022518765618,13
1,188,0.7757716049382717,0.7454644412191582,0.8067867036011078,0.304761904761905,0.21184320266889145,12
1,189,0.7887345679012345,0.7574383164005805,0.7628116343490303,0.27959183673469434,0.06922435362802304,11
1,190,0.7969135802469136,0.7746734397677795,0.8372576177285316,0.24353741496598635,0.1551292743953283,10
1,191,0.8327160493827162,0.784288824383164,0.8836565096952906,0.24489795918367374,0.18015012510425166,9
1,192,0.8512345679012345,0.8053338171262701,0.8431440443213294,0.2285714285714291,0.15346121768140009,8
1,193,0.8498456790123456,0.8193033381712627,0.8639196675900274,0.22721088435374126,0.14345287739783075,7
1,194,0.8739197530864198,0.8372641509433962,0.8968144044321327,0.20748299319727925,0.09591326105087461,6
1,195,0.8867283950617284,0.8632075471698113,0.9020083102493075,0.1646258503401361,0.13177648040033318,5
1,196,0.9137345679012345,0.8613933236574747,0.929709141274238,0.17823129251700687,0.11676396997497918,4
1,197,0.9325617283950618,0.8798984034833093,0.9480609418282548,0.14829931972789145,0.07506255212677004,3
1,198,0.9521604938271604,0.9185413642960811,0.9903047091412742,0.15442176870748314,0.07506255212677004,2
1,199,0.9671296296296295,0.9312409288824384,0.9785318559556786,0.12244897959183687,0.09257714762301816,1
1,200,0.9830246913580245,0.9383164005805515,0.9864958448753463,0.11292517006802738,0.05170975813177847,0
2,1,0.007716049382716028,0.06367924528301888,0.09106648199445999,0.8931972789115648,0.6655546288573824,199
2,2,0.009104938271604912,0.053519593613933214,0.09522160664819923,0.9115646258503403,0.7214345287739761,198
2,3,0.01743827160493827,0.055515239477503586,0.10699445983379485,0.9244897959183676,0.6305254378648861,197
2,4,0.013117283950617287,0.03737300435413643,0.10041551246537361,0.9156462585034015,0.7356130108423677,196
2,5,0.02268518518518514,0.054608127721335276,0.09106648199445999,0.9224489795918367,0.6830692243536269,195
2,6,0.015432098765432112,0.06023222060957906,0.09002770083102485,0.9272108843537419,0.7231025854879078,194
2,7,0.009413580246913578,0.06023222060957906,0.11184210526315752,0.9176870748299324,0.6747289407839858,193
2,8,0.010030864197530853,0.04916545718432508,0.1090720221606647,0.9027210884353742,0.7147623019182667,192
2,9,0.007716049382716028,0.05170537010159654,0.10180055401662047,0.9489795918367352,0.6547122602168471,191
2,10,0.024537037037037024,0.05424528301886794,0.10699445983379485,0.9176870748299324,0.7155963302752291,190
2,11,0.01450617283950617,0.06367924528301888,0.09175900277008298,0.9312925170068027,0.6788990825688046,189
2,12,0.014969135802469113,0.04535558780841803,0.10768698060941784,0.935374149659864,0.6980817347789845,188
2,13,0.014197530864197505,0.04499274310595064,0.09591412742382266,0.8945578231292521,0.6697247706422012,187
2,14,0.016820987654320996,0.06277213352685052,0.14854570637119124,0.9081632653061225,0.7481234361968312,186
2,15,0.016820987654320996,0.05206821480406387,0.10734072022160657,0.9170068027210885,0.7039199332777315,185
2,16,0.012808641975308621,0.04299709724238027,0.0730609418282544,0.9251700680272115,0.691409507923268,184
2,17,0.011728395061728403,0.05315674891146588,0.11357340720221565,0.9183673469387754,0.6788990825688046,183
2,18,0.022993827160493807,0.06458635703918719,0.10837950138504171,0.9292517006802723,0.7422852376980806,182
2,19,0.02237654320987653,0.057692307692307654,0.11011080332409984,0.9231292517006806,0.6638865721434506,181
2,20,0.019753086419753096,0.0433599419448476,0.08587257617728516,0.9340136054421775,0.7289407839866548,180
2,21,0.024537037037037024,0.051161103047895506,0.07998614958448735,0.9129251700680272,0.7039199332777315,179
2,22,0.015895061728395055,0.06132075471698112,0.0934903047091411,0.9210884353741497,0.667222685571307,178
2,23,0.01820987654320988,0.05315674891146588,0.08691135734071986,0.9129251700680272,0.6947456213511245,177
2,24,0.013734567901234562,0.06603773584905659,0.09799168975069206,0.9129251700680272,0.6305254378648861,176
2,25,0.00987654320987652,0.051161103047895506,0.087950138504155,0.9346938775510205,0.6947456213511245,175
2,26,0.023302469135802473,0.053519593613933214,0.10041551246537361,0.9149659863945581,0.7005838198498715,174
2,27,0.025925925925925908,0.036284470246734424,0.06509695290858719,0.9088435374149664,0.7014178482068374,173
2,28,0.019598765432098764,0.05660377358490565,0.09314404432132983,0.9299319727891158,0.7347789824854019,172
2,29,0.01651234567901233,0.06023222060957906,0.10457063711911374,0.9081632653061225,0.7239366138448702,171
2,30,0.016049382716049387,0.05315674891146588,0.12534626038781127,0.8829931972789118,0.6530442035029189,170
2,31,0.008024691358024694,0.050435413642960836,0.09522160664819923,0.8952380952380952,0.6680567139282694,169
2,32,0.010030864197530853,0.07093613933236576,0.13088642659279737,0.9102040816326533,0.6880733944954116,168
2,33,0.008333333333333304,0.0393686502177068,0.09764542936288079,0.9027210884353742,0.6980817347789845,167
2,34,0.005555555555555536,0.04771407837445574,0.1024930747922439,0.9210884353741497,0.7147623019182667,166
2,35,0.007253086419753085,0.059325108853410746,0.08587257617728516,0.9244897959183676,0.7005838198498715,165
2,36,0.00694444444444442,0.05079825834542817,0.10595567867035971,0.9244897959183676,0.6955796497080904,164
2,37,0.024845679012345634,0.06041364296081275,0.09522160664819923,0.9265306122448984,0.7648040033361134,163
2,38,0.027469135802469125,0.04426705370101597,0.08379501385041532,0.9360544217687079,0.6655546288573824,162
2,39,0.007253086419753085,0.049709724238026165,0.10699445983379485,0.9149659863945581,0.6788990825688046,161
2,40,0.01126543209876546,0.04807692307692307,0.08448753462603875,0.9469387755102048,0.7105921601334444,160
2,41,0.02083333333333337,0.04952830188679247,0.09660664819944609,0.906122448979592,0.6121768140116757,159
2,42,0.00694444444444442,0.04009433962264147,0.06094182825484751,0.9000000000000004,0.7447873227689747,158
2,43,0.015123456790123446,0.06259071117561682,0.10699445983379485,0.9265306122448984,0.6705587989991635,157
2,44,0.018672839506172823,0.05841799709724238,0.08968144044321313,0.9238095238095236,0.7197664720600478,156
2,45,0.012037037037037013,0.04499274310595064,0.07929362880886437,0.9170068027210885,0.7114261884904067,155
2,46,0.010493827160493796,0.053338171262699574,0.10976454293628768,0.9244897959183676,0.75229357798165,154
2,47,0.023302469135802473,0.045899854862119005,0.12880886426592753,0.9088435374149664,0.7356130108423677,153
2,48,0.015740740740740722,0.05025399129172714,0.06855955678670345,0.9136054421768711,0.6488740617180966,152
2,49,0.021296296296296313,0.06422351233671986,0.08587257617728516,0.9204081632653063,0.6763969974979105,151
2,50,0.01157407407407407,0.058780841799709715,0.0990304709141272,0.9394557823129257,0.6847372810675552,150
2,51,0.021604938271604923,0.05388243831640055,0.11357340720221565,0.9102040816326533,0.6989157631359468,149
2,52,0.014660493827160503,0.047169811320754707,0.11114958448753454,0.9251700680272115,0.7206005004170137,148
2,53,0.024845679012345634,0.06367924528301888,0.09314404432132983,0.9210884353741497,0.6797331109257705,147
2,54,0.015586419753086445,0.04880261248185774,0.12777008310249327,0.9210884353741497,0.6930775646371963,146
2,55,0.02268518518518514,0.03737300435413643,0.06509695290858719,0.9265306122448984,0.7022518765638033,145
2,56,0.016975308641975273,0.0435413642960813,0.09937673130193891,0.943537414965987,0.7281067556296925,144
2,57,0.016358024691357997,0.049891146589259805,0.09279778393351812,0.8870748299319731,0.7089241034195126,143
2,58,0.020679012345678982,0.041727140783744565,0.08829639889196672,0.9000000000000004,0.6680567139282694,142
2,59,0.015740740740740722,0.0380986937590711,0.11045706371191155,0.9265306122448984,0.6922435362802304,141
2,60,0.0,0.045899854862119005,0.12119113573407159,0.8782312925170075,0.6889074228523739,140
2,61,0.008024691358024694,0.05896226415094341,0.087950138504155,0.9217687074829937,0.7197664720600478,139
2,62,0.026697530864197516,0.05170537010159654,0.10630193905817187,0.8959183673469391,0.7406171809841524,138
2,63,0.010648148148148129,0.04916545718432508,0.09937673130193891,0.8945578231292521,0.7080900750625503,137
2,64,0.021296296296296313,0.055333817126269946,0.07236842105263142,0.9142857142857146,0.7256046705587984,136
2,65,0.003858024691358042,0.04535558780841803,0.1149584487534625,0.9197278911564633,0.7139282735612973,135
2,66,0.02685185185185185,0.05660377358490565,0.11114958448753454,0.953061224489796,0.6930775646371963,134
2,67,0.010493827160493796,0.05624092888243831,0.10734072022160657,0.9088435374149664,0.6663886572143447,133
2,68,0.029629629629629617,0.055515239477503586,0.08725761772853202,0.9285714285714288,0.6972477064220151,132
2,69,0.013888888888888895,0.05714804063860668,0.07756232686980624,0.9210884353741497,0.7639699749791475,131
2,70,0.01820987654320988,0.050435413642960836,0.09106648199445999,0.9102040816326533,0.6922435362802304,130
2,71,0.013117283950617287,0.05986937590711172,0.0699445983379503,0.9278911564625854,0.6880733944954116,129
2,72,0.017746913580246937,0.04499274310595064,0.12292243767313016,0.9326530612244905,0.7322768974145113,128
2,73,0.006018518518518534,0.05914368650217705,0.10664819944598314,0.8938775510204082,0.6997497914929092,127
2,74,0.017592592592592604,0.05714804063860668,0.10283933518005517,0.9197278911564633,0.7497914929107594,126
2,75,0.022993827160493807,0.032293178519593624,0.09418282548476409,0.9136054421768711,0.6422018348623837,125
2,76,0.015895061728395055,0.062227866473149485,0.08102493074792205,0.9204081632653063,0.6697247706422012,124
2,77,0.01126543209876546,0.06386066763425252,0.09037396121883612,0.9224489795918367,0.6380316930775614,123
2,78,0.02685185185185185,0.057510885341074014,0.09660664819944609,0.9238095238095236,0.6538782318598813,122
2,79,0.02268518518518514,0.05079825834542817,0.09626038781163393,0.9095238095238094,0.6814011676396987,121
2,80,0.019598765432098764,0.05497097242380261,0.11114958448753454,0.9156462585034015,0.7172643869891573,120
2,81,0.012808641975308621,0.06930333817126266,0.07271468144044313,0.9333333333333336,0.7464553794828994,119
2,82,0.010185185185185186,0.06930333817126266,0.11703601108033235,0.9292517006802723,0.7014178482068374,118
2,83,0.014043209876543228,0.05170537010159654,0.10664819944598314,0.935374149659864,0.7064220183486256,117
2,84,0.009722222222222243,0.05914368650217705,0.11565096952908549,0.9251700680272115,0.7256046705587984,116
2,85,0.013734567901234562,0.046444121915820036,0.08483379501385002,0.8938775510204082,0.7080900750625503,115
2,86,0.01481481481481478,0.049891146589259805,0.0484764542936289,0.8993197278911569,0.7381150959132583,114
2,87,0.01126543209876546,0.05569666182873728,0.07583102493074811,0.935374149659864,0.6955796497080904,113
2,88,0.01712962962962966,0.07002902757619739,0.1260387811634347,0.9115646258503403,0.6805671392827328,112
2,89,0.013425925925925952,0.05678519593613934,0.09799168975069206,0.9108843537414972,0.7497914929107594,111
2,90,0.014660493827160503,0.06984760522496375,0.10145429362880876,0.9401360544217687,0.7122602168473726,110
2,91,0.021296296296296313,0.04789550072568943,0.08518005540166218,0.9224489795918367,0.7331109257714736,109
2,92,0.015586419753086445,0.04390420899854863,0.07617728531855938,0.8965986394557821,0.6413678065054214,108
2,93,0.016049382716049387,0.06132075471698112,0.09972299168975063,0.8850340136054426,0.6939115929941622,107
2,94,0.014351851851851838,0.06839622641509435,0.07444598337950126,0.9108843537414972,0.7572977481234346,106
2,95,0.01820987654320988,0.05732946298984032,0.10180055401662047,0.9204081632653063,0.7264386989157607,105
2,96,0.010339506172839519,0.059506531204644386,0.07617728531855938,0.9204081632653063,0.7064220183486256,104
2,97,0.01157407407407407,0.05297532656023224,0.08898891966759015,0.9013605442176873,0.6889074228523739,103
2,98,0.00864197530864197,0.055515239477503586,0.07998614958448735,0.9258503401360545,0.66138448707256,102
2,99,0.011882716049382736,0.0486211901306241,0.12257617728531844,0.9204081632653063,0.6930775646371963,101
2,100,0.01851851851851849,0.037917271407837405,0.0990304709141272,0.943537414965987,0.7047539616346938,100
2,101,0.015895061728395055,0.05714804063860668,0.11530470914127378,0.8891156462585039,0.6447039199332778,99
2,102,0.01712962962962966,0.04825834542815677,0.12292243767313016,0.9115646258503403,0.6355296080066708,98
2,103,0.008333333333333304,0.034107402031930356,0.09660664819944609,0.9129251700680272,0.685571309424521,97
2,104,0.023456790123456805,0.06331640058055155,0.09833795013850377,0.8857142857142861,0.7197664720600478,96
2,105,0.02114197530864198,0.057692307692307654,0.11911357340720219,0.8979591836734699,0.7656380316930758,95
2,106,0.012808641975308621,0.06186502177068215,0.07375346260387827,0.9006802721088438,0.7489574645537935,94
2,107,0.018364197530864212,0.06367924528301888,0.10803324099722955,0.9108843537414972,0.743119266055043,93
2,108,0.01990740740740743,0.0460812772133527,0.09141274238227126,0.9183673469387754,0.7097581317764785,92
2,109,0.013271604938271564,0.055333817126269946,0.09660664819944609,0.9047619047619051,0.6488740617180966,91
2,110,0.02083333333333337,0.05696661828737298,0.12188365650969546,0.9190476190476193,0.6889074228523739,90
2,111,0.02422839506172836,0.06513062409288822,0.09626038781163393,0.8904761904761909,0.66138448707256,89
2,112,0.024845679012345634,0.057692307692307654,0.1149584487534625,0.9142857142857146,0.6380316930775614,88
2,113,0.031172839506172834,0.06694484760522496,0.1204986149584486,0.9020408163265308,0.6405337781484555,87
2,114,0.025771604938271575,0.0711175616835994,0.13469529085872534,0.8700680272108845,0.6989157631359468,86
2,115,0.04351851851851851,0.07238751814223515,0.12880886426592753,0.88843537414966,0.6814011676396987,85
2,116,0.02901234567901234,0.059325108853410746,0.13815789473684204,0.8816326530612248,0.6680567139282694,84
2,117,0.03364197530864199,0.06912191582002902,0.12188365650969546,0.8823129251700679,0.6939115929941622,83
2,118,0.04814814814814811,0.08490566037735847,0.1319252077562325,0.9108843537414972,0.643035863219346,82
2,119,0.04845679012345683,0.09415820029027577,0.1530470914127422,0.8673469387755106,0.6663886572143447,81
2,120,0.06080246913580245,0.09306966618287377,0.13781163434903032,0.8802721088435379,0.66138448707256,80
2,121,0.05802469135802468,0.09125544267053698,0.13711911357340734,0.8809523809523809,0.6488740617180966,79
2,122,0.06342592592592594,0.1182873730043541,0.11080332409972282,0.8809523809523809,0.643035863219346,78
2,123,0.06790123456790126,0.10141509433962265,0.15893351800554,0.8891156462585039,0.6713928273561294,77
2,124,0.07577160493827162,0.08835268505079824,0.17728531855955643,0.8741496598639458,0.6980817347789845,76
2,125,0.06574074074074071,0.10377358490566035,0.1565096952908589,0.8646258503401363,0.6680567139282694,75
2,126,0.0847222222222222,0.10159651669085629,0.17520775623268658,0.8612244897959185,0.6488740617180966,74
2,127,0.0737654320987654,0.12300435413642957,0.12119113573407159,0.8653061224489802,0.6021684737281063,73
2,128,0.08827160493827163,0.12336719883889696,0.18801939058171735,0.8496598639455781,0.6246872393661356,72
2,129,0.09012345679012346,0.13860667634252538,0.18178670360110782,0.8421768707482999,0.6363636363636367,71
2,130,0.08904320987654318,0.13769956458635707,0.1471606648199444,0.8530612244897964,0.6447039199332778,70
2,131,0.1191358024691358,0.13225689404934687,0.1810941828254844,0.8619047619047624,0.6763969974979105,69
2,132,0.10586419753086418,0.147677793904209,0.18836565096952906,0.8360544217687078,0.6088407005838192,68
2,133,0.11574074074074076,0.1404208998548621,0.19632963988919627,0.8333333333333335,0.6205170975813168,67
2,134,0.11250000000000004,0.16527576197387517,0.20602493074792205,0.8115646258503402,0.6138448707256003,66
2,135,0.11959876543209874,0.1567489114658926,0.19667590027700843,0.83265306122449,0.5971643035863181,65
2,136,0.13935185185185184,0.1667271407837445,0.21641274238227126,0.8081632653061224,0.643035863219346,64
2,137,0.1388888888888889,0.16600145137880984,0.19425207756232643,0.7972789115646259,0.5671392827356101,63
2,138,0.15154320987654318,0.18069666182873728,0.26592797783933486,0.7748299319727896,0.6113427856547133,62
2,139,0.1492283950617284,0.18759071117561682,0.2340720221606647,0.7605442176870754,0.607172643869891,61
2,140,0.17530864197530865,0.1950290275761974,0.24272853185595533,0.7993197278911564,0.5879899916597147,60
2,141,0.1674382716049383,0.18904208998548622,0.25657894736842124,0.7775510204081635,0.5546288573811502,59
2,142,0.1794753086419753,0.2089985486211901,0.24342105263157876,0.7802721088435378,0.537948290241868,58
2,143,0.19305555555555554,0.2108127721335269,0.24826869806094143,0.7911564625850342,0.6146788990825698,57
2,144,0.19521604938271597,0.22187953555878087,0.25831024930747937,0.7591836734693875,0.5729774812343607,56
2,145,0.20231481481481478,0.23657474600870826,0.27146814404432096,0.731292517006803,0.5479566305254373,55
2,146,0.21697530864197528,0.23512336719883892,0.2797783933518003,0.731972789115646,0.5629691409507913,54
2,147,0.21759259259259256,0.26433236574746005,0.2998614958448753,0.7176870748299322,0.5754795663052512,53
2,148,0.22391975308641976,0.25798258345428154,0.3047091412742384,0.72108843537415,0.5763135946622171,52
2,149,0.23287037037037034,0.2665094339622642,0.2963988919667586,0.7122448979591836,0.577147623019183,51
2,150,0.2507716049382716,0.2922714078374456,0.35560941828254844,0.6979591836734693,0.5362802335279397,50
2,151,0.24891975308641973,0.2833817126269957,0.31405817174515205,0.6891156462585037,0.49207673060884005,49
2,152,0.2648148148148148,0.28955007256894044,0.34833795013850377,0.6829931972789121,0.6138448707256003,48
2,153,0.2726851851851852,0.3084179970972423,0.3206371191135733,0.7102040816326536,0.5504587155963279,47
2,154,0.28719135802469137,0.3078737300435413,0.3559556786703597,0.6625850340136057,0.5546288573811502,46
2,155,0.300462962962963,0.32819303338171263,0.31959833795013814,0.6557823129251705,0.5212677231025822,45
2,156,0.3132716049382716,0.34560957910014517,0.3438365650969528,0.6639455782312926,0.5254378648874045,44
2,157,0.3060185185185185,0.3477866473149492,0.3857340720221605,0.6469387755102041,0.4220183486238511,43
2,158,0.3248456790123457,0.3559506531204644,0.3885041551246533,0.6340136054421772,0.46121768140116615,42
2,159,0.33749999999999997,0.37209724238026126,0.395775623268698,0.6265306122448981,0.4712260216847355,41
2,160,0.33688271604938264,0.3831640058055152,0.41135734072022156,0.6224489795918369,0.49207673060884005,40
2,161,0.3478395061728395,0.3764513788098694,0.42659279778393344,0.6122448979591839,0.4578815679733097,39
2,162,0.3685185185185185,0.4067489114658926,0.44875346260387783,0.6088435374149666,0.43536280233528046,38
2,163,0.3699074074074074,0.41872278664731494,0.46468144044321313,0.6006802721088436,0.4061718098415348,37
2,164,0.3987654320987654,0.4308780841799709,0.4813019390581714,0.5700680272108847,0.41951626355296057,36
2,165,0.41126543209876537,0.43686502177068215,0.4463296398891963,0.5768707482993198,0.437864887406171,35
2,166,0.41929012345679,0.44992743105950656,0.4722991689750691,0.5802721088435376,0.37948290241867966,34
2,167,0.4274691358024691,0.46044992743105956,0.5034626038781163,0.5292517006802728,0.3569641367806504,33
2,168,0.4310185185185185,0.4727866473149492,0.48060941828254844,0.5333333333333332,0.41367806505421,32
2,169,0.4523148148148148,0.4867561683599419,0.5065789473684208,0.536734693877551,0.398665554628856,31
2,170,0.46481481481481474,0.4963715529753265,0.5418975069252077,0.5210884353741498,0.3269391159299424,30
2,171,0.48626543209876544,0.5025399129172714,0.5605955678670362,0.518367346938776,0.37364470391993265,29
2,172,0.4962962962962963,0.5219521044992743,0.5602493074792241,0.4877551020408162,0.3628023352793974,28
2,173,0.5141975308641975,0.5324746008708274,0.5505540166204983,0.4646258503401359,0.30942452043369073,27
2,174,0.5111111111111111,0.5551523947750363,0.6052631578947367,0.4884353741496601,0.2810675562969145,26
2,175,0.5407407407407407,0.5736574746008707,0.5789473684210522,0.4585034013605447,0.2585487906588817,25
2,176,0.5518518518518518,0.5693033381712627,0.6031855955678669,0.42312925170068016,0.33361134278565174,24
2,177,0.5706790123456789,0.5852685050798259,0.5934903047091411,0.40272108843537424,0.2960800667222685,23
2,178,0.5751543209876544,0.5937953555878084,0.6343490304709141,0.4136054421768707,0.2585487906588817,22
2,179,0.5898148148148148,0.6269956458635704,0.6506232686980606,0.40476190476190466,0.3044203502919096,21
2,180,0.6007716049382716,0.6338896952104498,0.6565096952908585,0.38707482993197306,0.28773978315262383,20
2,181,0.6180555555555556,0.6520319303338171,0.6772853185595564,0.34081632653061256,0.3027522935779814,19
2,182,0.6191358024691358,0.6585631349782293,0.6994459833795013,0.36258503401360587,0.20266889074228445,18
2,183,0.6464506172839506,0.6855950653120464,0.662742382271468,0.3687074829931971,0.2393661384487089,17
2,184,0.6614197530864196,0.6890420899854861,0.69286703601108,0.35170068027210943,0.25437864887405937,16
2,185,0.6737654320987654,0.7055515239477503,0.7101800554016617,0.34353741496598644,0.17347789824853876,15
2,186,0.7100308641975308,0.7238751814223512,0.7198753462603875,0.3034013605442176,0.18015012510425166,14
2,187,0.7083333333333333,0.7403846153846154,0.733725761772853,0.2687074829931979,0.18265221017514577,13
2,188,0.7212962962962961,0.7501814223512335,0.754501385041551,0.27210884353741527,0.2502085070892406,12
2,189,0.7492283950617284,0.7734034833091437,0.7548476454293627,0.2605442176870749,0.17931609674728932,11
2,190,0.7591049382716049,0.7944484760522497,0.7801246537396116,0.25102040816326543,0.1401167639699743,10
2,191,0.783179012345679,0.7997097242380262,0.8119806094182822,0.2367346938775512,0.12343619683069207,9
2,192,0.8020061728395063,0.8227503628447024,0.831024930747922,0.21904761904761916,0.16263552960800354,8
2,193,0.8148148148148149,0.8354499274310596,0.8504155124653736,0.2333333333333334,0.07839866555462649,7
2,194,0.8382716049382715,0.8408925979680697,0.8684210526315783,0.21632653061224483,0.1276063386155144,6
2,195,0.8521604938271605,0.8677431059506531,0.8815789473684208,0.17619047619047645,0.0717264386989136,5
2,196,0.8669753086419754,0.8906023222060957,0.8843490304709141,0.1530612244897962,0.04003336113427736,4
2,197,0.8890432098765433,0.9105587808417996,0.9182825484764541,0.16122448979591875,0.07589658048373238,3
2,198,0.9070987654320988,0.9265239477503628,0.929709141274238,0.12448979591836773,0.1334445371142614,2
2,199,0.9200617283950616,0.937409288824383,0.9556786703601108,0.11904761904761951,0.0,1
2,200,0.9483024691358024,0.9595428156748913,0.9463296398891963,0.11564625850340127,0.05421184320266903,0
3,1,0.04922839506172838,0.07692307692307693,0.07444598337950126,0.8346938775510209,0.7281067556296925,199
3,2,0.04228395061728396,0.07583454281567487,0.06094182825484751,0.8455782312925173,0.7064220183486256,198
3,3,0.031172839506172834,0.06494920174165458,0.08448753462603875,0.8081632653061224,0.7155963302752291,197
3,4,0.03641975308641976,0.08526850507982586,0.06613573407202233,0.8523809523809529,0.6955796497080904,196
3,5,0.039969135802469136,0.08109579100145137,0.06682825484764532,0.8571428571428572,0.6755629691409482,195
3,6,0.04120370370370369,0.08236574746008707,0.08621883656509688,0.8700680272108845,0.6830692243536269,194
3,7,0.030864197530864224,0.06839622641509435,0.08621883656509688,0.850340136054422,0.7122602168473726,193
3,8,0.032407407407407385,0.08127721335268501,0.053670360110803284,0.8591836734693881,0.8040033361134249,192
3,9,0.041666666666666685,0.08000725689404936,0.06613573407202233,0.8190476190476192,0.6880733944954116,191
3,10,0.03256172839506172,0.06513062409288822,0.10457063711911374,0.8476190476190482,0.7214345287739761,190
3,11,0.03749999999999998,0.07438316400580552,0.09141274238227126,0.8435374149659869,0.7264386989157607,189
3,12,0.03811728395061725,0.07329462989840346,0.05055401662049874,0.8170068027210884,0.6997497914929092,188
3,13,0.03966049382716047,0.06640058055152392,0.07409972299168954,0.8442176870748299,0.6363636363636367,187
3,14,0.03364197530864199,0.07873730043541366,0.08137119113573421,0.8278911564625848,0.7139282735612973,186
3,15,0.045679012345679004,0.08127721335268501,0.0730609418282544,0.8374149659863948,0.6872393661384457,185
3,16,0.04228395061728396,0.07710449927431062,0.08552631578947345,0.8455782312925173,0.7356130108423677,184
3,17,0.039969135802469136,0.08145863570391876,0.08968144044321313,0.83265306122449,0.6480400333611342,183
3,18,0.048919753086419715,0.0774673439767779,0.045013850415512646,0.834013605442177,0.7339449541284395,182
3,19,0.03765432098765431,0.07202467343976782,0.0990304709141272,0.8292517006802727,0.6822351959966646,181
3,20,0.04058641975308641,0.07855587808417996,0.08344875346260405,0.8557823129251703,0.7147623019182667,180
3,21,0.04228395061728396,0.0738388969521045,0.07583102493074811,0.8448979591836738,0.7155963302752291,179
3,22,0.04413580246913579,0.07964441219158197,0.0754847645429364,0.83265306122449,0.7105921601334444,178
3,23,0.03919753086419753,0.07710449927431062,0.11288088642659266,0.8367346938775517,0.7222685571309384,177
3,24,0.04598765432098767,0.0763788098693759,0.11530470914127378,0.8387755102040817,0.7189324437030855,176
3,25,0.034413580246913544,0.07311320754716982,0.07894736842105221,0.8551020408163263,0.7189324437030855,175
3,26,0.04706790123456789,0.07492743105950656,0.06890581717451516,0.8802721088435379,0.7214345287739761,174
3,27,0.03487654320987654,0.07057329462989842,0.058518005540166396,0.8564625850340142,0.6964136780650527,173
3,28,0.04012345679012347,0.07529027576197389,0.08760387811634329,0.8319727891156465,0.6722268557130917,172
3,29,0.04074074074074069,0.08000725689404936,0.08067867036011034,0.83265306122449,0.731442869057549,171
3,30,0.03472222222222221,0.07184325108853412,0.058518005540166396,0.8612244897959185,0.7297748123436172,170
3,31,0.04305555555555557,0.08472423802612478,0.12361495844875359,0.8204081632653066,0.6839032527105893,169
3,32,0.03549382716049382,0.06948476052249636,0.056094182825484395,0.8394557823129256,0.6680567139282694,168
3,33,0.04135802469135802,0.07601596516690856,0.08310249307479234,0.850340136054422,0.7289407839866548,167
3,34,0.037037037037037035,0.09107402031930334,0.07894736842105221,0.8183673469387758,0.6747289407839858,166
3,35,0.028549382716049343,0.07583454281567487,0.07271468144044313,0.8374149659863948,0.7756463719766451,165
3,36,0.04274691358024685,0.08091436865021773,0.058518005540166396,0.8299319727891157,0.7097581317764785,164
3,37,0.040432098765432134,0.062227866473149485,0.07167590027700843,0.8435374149659869,0.7014178482068374,163
3,38,0.03425925925925927,0.07184325108853412,0.07167590027700843,0.8448979591836738,0.7289407839866548,162
3,39,0.04598765432098767,0.07347605224963716,0.06682825484764532,0.8496598639455781,0.7289407839866548,161
3,40,0.036728395061728425,0.08145863570391876,0.09175900277008298,0.8612244897959185,0.7681401167639663,160
3,41,0.0339506172839506,0.07583454281567487,0.07513850415512424,0.8421768707482999,0.6872393661384457,159
3,42,0.03009259259259256,0.0763788098693759,0.06163434903047049,0.8448979591836738,0.6822351959966646,158
3,43,0.03256172839506172,0.0774673439767779,0.07721606648199408,0.851700680272109,0.7814845704753957,157
3,44,0.04104938271604941,0.07928156748911469,0.056094182825484395,0.8258503401360549,0.761467889908257,156
3,45,0.03364197530864199,0.06803338171262702,0.07409972299168954,0.8421768707482999,0.6780650542118423,155
3,46,0.03749999999999998,0.08454281567489114,0.06094182825484751,0.8244897959183675,0.7397831526271901,154
3,47,0.04243827160493824,0.0711175616835994,0.04743767313019376,0.8333333333333335,0.7064220183486256,153
3,48,0.046604938271604945,0.06821480406386066,0.07340720221606611,0.8530612244897964,0.6288573811509579,152
3,49,0.045679012345679004,0.0671262699564586,0.08067867036011034,0.8469387755102042,0.7447873227689747,151
3,50,0.04274691358024685,0.05841799709724238,0.06128808864265922,0.8455782312925173,0.7022518765638033,150
3,51,0.04228395061728396,0.08145863570391876,0.08518005540166218,0.8408163265306121,0.6472060050041684,149
3,52,0.03657407407407404,0.07873730043541366,0.05574792243767268,0.8523809523809529,0.7389491242702242,148
3,53,0.04012345679012347,0.053519593613933214,0.052631578947368585,0.8693877551020415,0.6905754795663057,147
3,54,0.027160493827160515,0.08472423802612478,0.07513850415512424,0.8585034013605446,0.7180984153461196,146
3,55,0.04212962962962957,0.07837445573294627,0.08691135734071986,0.8748299319727897,0.7406171809841524,145
3,56,0.029629629629629617,0.0789187227866473,0.0945290858725758,0.8598639455782315,0.6939115929941622,144
3,57,0.046604938271604945,0.08236574746008707,0.11945983379501346,0.8333333333333335,0.691409507923268,143
3,58,0.03749999999999998,0.07220609579100146,0.05921052631578938,0.8061224489795924,0.6939115929941622,142
3,59,0.041666666666666685,0.07202467343976782,0.10837950138504171,0.8435374149659869,0.7514595496246841,141
3,60,0.04089506172839502,0.0816400580551524,0.07963988919667608,0.8625850340136054,0.7105921601334444,140
3,61,0.04243827160493824,0.07837445573294627,0.0699445983379503,0.8489795918367351,0.7831526271893239,139
3,62,0.03765432098765431,0.07873730043541366,0.09660664819944609,0.8591836734693881,0.7089241034195126,138
3,63,0.024691358024691357,0.07946298984034833,0.036357340720221565,0.8639455782312933,0.7139282735612973,137
3,64,0.04552469135802467,0.06912191582002902,0.04778393351800547,0.8469387755102042,0.707256046705588,136
3,65,0.03626543209876543,0.0763788098693759,0.12257617728531844,0.8551020408163263,0.743119266055043,135
3,66,0.04459876543209873,0.08635703918722781,0.07132963988919627,0.8156462585034014,0.7022518765638033,134
3,67,0.04429012345679012,0.06857764876632799,0.07167590027700843,0.834013605442177,0.7589658048373629,133
3,68,0.043981481481481455,0.0803701015965167,0.08552631578947345,0.842857142857143,0.7147623019182667,132
3,69,0.032098765432098775,0.05986937590711172,0.07721606648199408,0.8482993197278912,0.7489574645537935,131
3,70,0.0490740740740741,0.08708272859216254,0.05747922437673125,0.8387755102040817,0.7247706422018325,130
3,71,0.05493827160493825,0.08635703918722781,0.09418282548476409,0.8380952380952387,0.6788990825688046,129
3,72,0.04413580246913579,0.06767053701015968,0.07063711911357329,0.8421768707482999,0.761467889908257,128
3,73,0.03719135802469137,0.05805515239477499,0.08344875346260405,0.834013605442177,0.7097581317764785,127
3,74,0.038734567901234584,0.0736574746008708,0.08829639889196672,0.8231292517006805,0.691409507923268,126
3,75,0.04351851851851851,0.07129898403483309,0.047091412742382044,0.8530612244897964,0.7456213511259371,125
3,76,0.039043209876543195,0.061502177068214814,0.08691135734071986,0.8210884353741497,0.7189324437030855,124
3,77,0.03379629629629627,0.06730769230769229,0.06717451523545703,0.841496598639456,0.6872393661384457,123
3,78,0.042901234567901236,0.07238751814223515,0.09175900277008298,0.8476190476190482,0.685571309424521,122
3,79,0.0339506172839506,0.06367924528301888,0.07963988919667608,0.8387755102040817,0.6296914095079202,121
3,80,0.03595679012345676,0.06912191582002902,0.10214681440443174,0.8204081632653066,0.6605504587155977,120
3,81,0.04614197530864195,0.0854499274310595,0.06198060941828265,0.8353741496598639,0.7289407839866548,119
3,82,0.025000000000000022,0.062227866473149485,0.0699445983379503,0.8646258503401363,0.6939115929941622,118
3,83,0.039969135802469136,0.0839985486211901,0.11114958448753454,0.8360544217687078,0.7080900750625503,117
3,84,0.050617283950617264,0.06458635703918719,0.09245152354570596,0.8299319727891157,0.7122602168473726,116
3,85,0.03780864197530864,0.06875907111756169,0.05782548476454252,0.8476190476190482,0.7414512093411147,115
3,86,0.03858024691358025,0.07619738751814226,0.08483379501385002,0.8306122448979596,0.7331109257714736,114
3,87,0.0444444444444444,0.09452104499274316,0.06821329639889173,0.8374149659863948,0.7339449541284395,113
3,88,0.0444444444444444,0.07184325108853412,0.06786703601108046,0.851020408163266,0.6805671392827328,112
3,89,0.036728395061728425,0.0763788098693759,0.09210526315789469,0.8353741496598639,0.6472060050041684,111
3,90,0.027469135802469125,0.06658200290275762,0.05193905817174471,0.841496598639456,0.6688907422852388,110
3,91,0.035030864197530875,0.07002902757619739,0.06717451523545703,0.8619047619047624,0.7306088407005795,109
3,92,0.03950617283950619,0.07238751814223515,0.06717451523545703,0.8482993197278912,0.7281067556296925,108
3,93,0.03379629629629627,0.07601596516690856,0.039473684210526105,0.8462585034013608,0.7339449541284395,107
3,94,0.03765432098765431,0.08889695210449927,0.05955678670360065,0.8469387755102042,0.707256046705588,106
3,95,0.038734567901234584,0.07492743105950656,0.0765235457063711,0.8551020408163263,0.7547956630525405,105
3,96,0.03935185185185186,0.0816400580551524,0.06267313019390564,0.8544217687074833,0.6830692243536269,104
3,97,0.04614197530864195,0.09179970972423801,0.07271468144044313,0.8136054421768706,0.6905754795663057,103
3,98,0.046913580246913555,0.07964441219158197,0.07894736842105221,0.8571428571428572,0.7247706422018325,102
3,99,0.046913580246913555,0.08236574746008707,0.10110803324099704,0.8482993197278912,0.7389491242702242,101
3,100,0.03749999999999998,0.07129898403483309,0.10422437673130158,0.8469387755102042,0.7356130108423677,100
3,101,0.04012345679012347,0.07148040638606673,0.07513850415512424,0.8632653061224493,0.7272727272727266,99
3,102,0.029166666666666674,0.07456458635703922,0.10595567867035971,0.8401360544217691,0.6480400333611342,98
3,103,0.051851851851851816,0.08145863570391876,0.07444598337950126,0.8380952380952387,0.7439532944120089,97
3,104,0.03749999999999998,0.0854499274310595,0.08552631578947345,0.8455782312925173,0.7122602168473726,96
3,105,0.04058641975308641,0.08563134978229314,0.06198060941828265,0.8197278911564627,0.7272727272727266,95
3,106,0.046604938271604945,0.08236574746008707,0.08483379501385002,0.8360544217687078,0.7322768974145113,94
3,107,0.04351851851851851,0.07656023222060959,0.07375346260387827,0.8673469387755106,0.6472060050041684,93
3,108,0.04830246913580244,0.06930333817126266,0.07860110803324094,0.83265306122449,0.6346955796497049,92
3,109,0.04922839506172838,0.0803701015965167,0.045360110803323916,0.8482993197278912,0.7506255212677218,91
3,110,0.05787037037037035,0.08744557329462993,0.08414127423822704,0.8537414965986394,0.7581317764804005,90
3,111,0.057561728395061684,0.07982583454281561,0.08864265927977799,0.8394557823129256,0.6396997497914931,89
3,112,0.055555555555555525,0.10522496371552975,0.09833795013850377,0.851700680272109,0.7047539616346938,88
3,113,0.05447530864197525,0.09379535558780844,0.07513850415512424,0.8170068027210884,0.7397831526271901,87
3,114,0.0658950617283951,0.08635703918722781,0.10837950138504171,0.8265306122448979,0.7064220183486256,86
3,115,0.06296296296296294,0.10322931785195932,0.09556786703601095,0.8442176870748299,0.7039199332777315,85
3,116,0.06682098765432098,0.09288824383164002,0.13434903047091407,0.8292517006802727,0.7155963302752291,84
3,117,0.0561728395061728,0.0959724238026125,0.12119113573407159,0.8238095238095244,0.6255212677231015,83
3,118,0.07577160493827162,0.10105224963715526,0.12742382271468156,0.8163265306122454,0.6939115929941622,82
3,119,0.08009259259259255,0.10195936139332368,0.08898891966759015,0.8115646258503402,0.7122602168473726,81
3,120,0.06820987654320981,0.09978229317851961,0.12361495844875359,0.8027210884353742,0.6688907422852388,80
3,121,0.06867283950617281,0.11084905660377359,0.11288088642659266,0.8204081632653066,0.6530442035029189,79
3,122,0.09444444444444444,0.11465892597968069,0.10491689750692501,0.8251700680272114,0.6830692243536269,78
3,123,0.08487654320987653,0.12264150943396224,0.14404432132963985,0.8204081632653066,0.6463719766472025,77
3,124,0.09243827160493823,0.1286284470246734,0.10768698060941784,0.795918367346939,0.6705587989991635,76
3,125,0.10432098765432096,0.14114658925979678,0.12326869806094143,0.7897959183673473,0.6889074228523739,75
3,126,0.09830246913580248,0.14132801161103054,0.1319252077562325,0.7755102040816326,0.631359466221852,74
3,127,0.11574074074074076,0.1406023222060958,0.16620498614958468,0.77687074829932,0.6697247706422012,73
3,128,0.1266975308641975,0.13915094339622647,0.10976454293628768,0.7972789115646259,0.6288573811509579,72
3,129,0.11712962962962964,0.147677793904209,0.15235457063711877,0.7619047619047623,0.6463719766472025,71
3,130,0.12546296296296294,0.1500362844702467,0.14058171745152315,0.7653061224489797,0.6005004170141781,70
3,131,0.1257716049382716,0.16364296081277213,0.15096952908587236,0.7612244897959184,0.6438698915763155,69
3,132,0.1300925925925926,0.1736211901306241,0.18836565096952906,0.7537414965986393,0.6563803169307754,68
3,133,0.13873456790123456,0.17706821480406382,0.195983379501385,0.7619047619047623,0.5763135946622171,67
3,134,0.1492283950617284,0.18958635703918725,0.17105263157894735,0.7625850340136058,0.6080066722268533,66
3,135,0.1435185185185185,0.18777213352685052,0.15027700831024893,0.740136054421769,0.6697247706422012,65
3,136,0.14753086419753086,0.1839622641509434,0.1689750692520775,0.7367346938775512,0.6096747289407816,64
3,137,0.17469135802469138,0.20682148040638604,0.20186980609418237,0.7340136054421769,0.6305254378648861,63
3,138,0.16774691358024685,0.21298984034833096,0.1804016620498614,0.7374149659863947,0.6513761467889871,62
3,139,0.1814814814814814,0.21244557329462993,0.21329639889196672,0.6802721088435377,0.6171809841534603,61
3,140,0.1867283950617284,0.22042815674891153,0.2254155124653736,0.7122448979591836,0.5638031693077536,60
3,141,0.1941358024691358,0.22859216255442666,0.22229916897506907,0.7088435374149662,0.631359466221852,59
3,142,0.19598765432098764,0.23693759071117554,0.24965373961218829,0.6761904761904765,0.5971643035863181,58
3,143,0.20694444444444443,0.24074746008708264,0.2191828254847641,0.6904761904761907,0.6463719766472025,57
3,144,0.21080246913580247,0.24274310595065313,0.21987534626038796,0.7088435374149662,0.5638031693077536,56
3,145,0.22669753086419753,0.2565312046444122,0.23372576177285298,0.6748299319727895,0.6555462885738095,55
3,146,0.2438271604938272,0.26142960812772137,0.26904432132963985,0.6598639455782314,0.50792326939116,54
3,147,0.2501543209876543,0.28447024673439764,0.2842797783933517,0.6571428571428575,0.5554628857381125,53
3,148,0.25725308641975303,0.28755442670537007,0.2673130193905813,0.6333333333333337,0.558798999165969,52
3,149,0.2683641975308642,0.284833091436865,0.2936288088642658,0.6523809523809523,0.5729774812343607,51
3,150,0.2762345679012345,0.2973512336719884,0.26315789473684204,0.6326530612244898,0.5713094245204324,50
3,151,0.27685185185185185,0.3066037735849056,0.2683518005540164,0.6551020408163266,0.5621351125938254,49
3,152,0.29444444444444445,0.328011611030479,0.31890581717451516,0.619727891156463,0.522935779816514,48
3,153,0.2967592592592592,0.3496008708272859,0.3275623268698058,0.6081632653061226,0.5362802335279397,47
3,154,0.3030864197530864,0.35105224963715526,0.3157894736842102,0.6122448979591839,0.5496246872393655,46
3,155,0.32175925925925924,0.350689404934688,0.33691135734071986,0.5959183673469393,0.4870725604670554,45
3,156,0.3270061728395061,0.37082728592162556,0.3445290858725758,0.5768707482993198,0.4820683903252707,44
3,157,0.3469135802469135,0.37536284470246734,0.3656509695290855,0.574829931972789,0.5112593828190164,43
3,158,0.3469135802469135,0.3789912917271407,0.38261772853185594,0.5809523809523811,0.4512093411175968,42
3,159,0.3563271604938271,0.39223512336719885,0.40616343490304674,0.5333333333333332,0.48540450375312716,41
3,160,0.36419753086419754,0.39767779390420893,0.3801939058171744,0.5442176870748301,0.4503753127606309,40
3,161,0.3839506172839506,0.409288824383164,0.3715373961218833,0.5503401360544222,0.48540450375312716,39
3,162,0.40046296296296297,0.41328011611030474,0.412742382271468,0.5387755102040819,0.4178482068390288,38
3,163,0.4069444444444444,0.4348693759071118,0.45013850415512424,0.5455782312925175,0.3878231859883208,37
3,164,0.4339506172839506,0.44067489114658925,0.4463296398891963,0.5224489795918368,0.402001668056716,36
3,165,0.43364197530864185,0.4580914368650218,0.45013850415512424,0.5020408163265313,0.4662218515429508,35
3,166,0.4432098765432098,0.46970246734397675,0.47091412742382266,0.49591836734693917,0.4420350291909898,34
3,167,0.4509259259259259,0.4753265602322206,0.45360110803324094,0.46870748299319764,0.43536280233528046,33
3,168,0.4734567901234567,0.4940130624092887,0.4996537396121883,0.4850340136054423,0.407839866555463,32
3,169,0.47515432098765426,0.5190493468795354,0.4858033240997228,0.4564625850340138,0.37948290241867966,31
3,170,0.4875,0.5094339622641508,0.510041551246537,0.433333333333334,0.48373644703919894,30
3,171,0.4993827160493826,0.5237663280116112,0.520083102493075,0.45306122448979647,0.374478732276895,29
3,172,0.5228395061728395,0.5324746008708274,0.5117728531855952,0.4061224489795925,0.29941618015012494,28
3,173,0.5334876543209877,0.5428156748911466,0.513157894736842,0.4013605442176873,0.3252710592160106,27
3,174,0.5487654320987654,0.574564586357039,0.5644044321329642,0.4068027210884355,0.38115095913261143,26
3,175,0.5601851851851851,0.5881712626995645,0.5706371191135733,0.38639455782312915,0.32026688907422596,25
3,176,0.572067901234568,0.5937953555878084,0.5820637119113572,0.37074829931972797,0.3010842368640496,24
3,177,0.5842592592592593,0.6046806966618288,0.6049168975069246,0.360544217687075,0.2844036697247674,23
3,178,0.6077160493827161,0.6235486211901307,0.5772160664819941,0.3612244897959185,0.2844036697247674,22
3,179,0.6146604938271605,0.6420537010159653,0.6346952908587253,0.3346938775510204,0.2518765638031688,21
3,180,0.6353395061728395,0.6527576197387517,0.6613573407202216,0.3210884353741501,0.20683903252710678,20
3,181,0.6490740740740739,0.6850507982583454,0.6700138504155122,0.33265306122449,0.2368640533778148,19
3,182,0.6675925925925925,0.6803338171262698,0.6606648199445977,0.2775510204081635,0.23853211009173947,18
3,183,0.6729938271604938,0.7071843251088534,0.6849030470914124,0.28503401360544256,0.20350291909924678,17
3,184,0.6907407407407407,0.7102685050798259,0.700484764542936,0.2836734693877552,0.2727272727272734,16
3,185,0.7037037037037037,0.7111756168359942,0.6696675900277005,0.2734693877551022,0.21267723102585379,15
3,186,0.7194444444444443,0.7585268505079825,0.7368421052631575,0.24013605442176855,0.205170975813175,14
3,187,0.7393518518518518,0.7639695210449928,0.7576177285318559,0.23129251700680298,0.2276897414512078,13
3,188,0.7635802469135802,0.7695936139332367,0.7583102493074789,0.20748299319727925,0.10758965804837217,12
3,189,0.759567901234568,0.7868287373004355,0.7697368421052628,0.19863945578231323,0.18598832360300221,11
3,190,0.8013888888888889,0.8011611030478956,0.7756232686980606,0.18639455782312941,0.14345287739783075,10
3,191,0.8063271604938271,0.8153120464441219,0.8161357340720219,0.15850340136054442,0.223519599666389,9
3,192,0.8228395061728395,0.8508708272859218,0.8064404432132961,0.15238095238095273,0.1242702251876544,8
3,193,0.840895061728395,0.8624818577648767,0.8099030470914124,0.13605442176870763,0.11092577147622862,7
3,194,0.8717592592592593,0.8766328011611031,0.8663434903047089,0.11972789115646298,0.1276063386155144,6
3,195,0.8668209876543209,0.8911465892597967,0.8597645429362877,0.12857142857142856,0.11342785654711918,5
3,196,0.9012345679012346,0.9163642960812772,0.9006232686980606,0.0904761904761906,0.17347789824853876,4
3,197,0.9075617283950619,0.9236211901306242,0.8684210526315783,0.10748299319727916,0.10842368640533451,3
3,198,0.9265432098765432,0.9559143686502176,0.9179362880886424,0.08639455782312933,0.015846538782316344,2
3,199,0.945216049382716,0.9613570391872279,0.8891966759002767,0.057823129251700855,0.04587155963302436,1
3,200,0.9699074074074074,1.0,0.9342105263157894,0.02176870748299331,0.045037531276062026,0
4,1,0.016666666666666663,0.010703918722786643,0.09799168975069206,0.905442176870749,0.8999165971643031,199
4,2,0.028240740740740733,0.01977503628447025,0.08448753462603875,0.8816326530612248,0.897414512093409,198
4,3,0.030864197530864224,0.018867924528301883,0.08171745152354548,0.8836734693877557,0.9374478732276899,197
4,4,0.03595679012345676,0.023222060957910018,0.07409972299168954,0.898639455782313,0.897414512093409,196
4,5,0.02885802469135801,0.02866473149492016,0.06959833795013814,0.88843537414966,0.9090909090909065,195
4,6,0.030555555555555558,0.01687227866473151,0.08033240997229907,0.907482993197279,0.9549624687239344,194
4,7,0.037962962962962976,0.026850507982583427,0.05574792243767268,0.8877551020408165,0.9232693911592982,193
4,8,0.02638888888888885,0.011429608127721314,0.06405817174515249,0.8938775510204082,0.9032527105921595,192
4,9,0.027314814814814792,0.028120464441219184,0.07513850415512424,0.9340136054421775,0.9316096747289393,191
4,10,0.027469135802469125,0.019593613933236553,0.07617728531855938,0.906122448979592,0.9949958298582153,190
4,11,0.02407407407407408,0.02576197387518142,0.0754847645429364,0.8789115646258505,0.951626355296078,189
4,12,0.037037037037037035,0.013425253991291686,0.07167590027700843,0.8768707482993197,0.8832360300250208,188
4,13,0.03564814814814815,0.016146589259796784,0.052631578947368585,0.9034013605442182,0.9082568807339442,187
4,14,0.02638888888888885,0.02503628447024675,0.05159279778393344,0.8877551020408165,0.9307756463719734,186
4,15,0.03518518518518521,0.02866473149492016,0.06024930747922452,0.9129251700680272,0.8990825688073372,185
4,16,0.04058641975308641,0.011429608127721314,0.09487534626038796,0.8911564625850348,0.9924937447873212,184
4,17,0.03287037037037038,0.01215529753265604,0.06267313019390564,0.9108843537414972,0.960800667222685,183
4,18,0.02885802469135801,0.01995645863570389,0.08483379501385002,0.9020408163265308,0.8824020016680549,182
4,19,0.02422839506172836,0.021407837445573286,0.09279778393351812,0.9224489795918367,0.951626355296078,181
4,20,0.0310185185185185,0.02503628447024675,0.06024930747922452,0.8979591836734699,0.8982485404503748,180
4,21,0.021604938271604923,0.021952104499274316,0.07513850415512424,0.9095238095238094,0.9441201000834027,179
4,22,0.030709876543209835,0.023584905660377353,0.070983379501385,0.906122448979592,0.9015846538782277,178
4,23,0.0314814814814815,0.02449201741654572,0.06024930747922452,0.9006802721088438,0.9049207673060877,177
4,24,0.025925925925925908,0.011429608127721314,0.09383656509695282,0.9149659863945581,0.9432860717264369,176
4,25,0.04135802469135802,0.018323657474600852,0.12430747922437657,0.897278911564626,0.9341117597998299,175
4,26,0.02685185185185185,0.022314949201741652,0.08621883656509688,0.898639455782313,0.9849874895746424,174
4,27,0.030709876543209835,0.02158925979680698,0.056094182825484395,0.906122448979592,0.9207673060884041,173
4,28,0.025462962962962965,0.013969521044992772,0.11807479224376749,0.8965986394557821,0.8765638031693044,172
4,29,0.025000000000000022,0.019230769230769218,0.08137119113573421,0.907482993197279,0.9482902418682251,171
4,30,0.025308641975308632,0.022133526850507956,0.056786703601107824,0.8918367346938778,0.8949124270225184,170
4,31,0.02191358024691359,0.027394775036284458,0.08379501385041532,0.9136054421768711,0.9266055045871546,169
4,32,0.034104938271604934,0.006894049346879538,0.08691135734071986,0.9027210884353742,0.9466221851542933,168
4,33,0.031635802469135776,0.012518142235123375,0.0460526315789469,0.8904761904761909,0.9441201000834027,167
4,34,0.03348765432098766,0.009615384615384637,0.05470914127423798,0.8904761904761909,0.9132610508757288,166
4,35,0.02083333333333337,0.009252539912917246,0.05747922437673125,0.9013605442176873,0.8865721434528773,165
4,36,0.028549382716049343,0.027213352685050818,0.049168975069251886,0.897278911564626,0.9599666388657191,164
4,37,0.026697530864197516,0.015420899854862113,0.09210526315789469,0.8959183673469391,0.9624687239366132,163
4,38,0.03194444444444444,0.01705370101596515,0.07998614958448735,0.9047619047619051,0.9599666388657191,162
4,39,0.025925925925925908,0.01995645863570389,0.07063711911357329,0.9095238095238094,0.8915763135946619,161
4,40,0.03549382716049382,0.023040638606676378,0.049168975069251886,0.9170068027210885,1.0,160
4,41,0.03549382716049382,0.029934687953555916,0.07340720221606611,0.8775510204081636,0.8640533778148445,159
4,42,0.030864197530864224,0.015239477503628418,0.056094182825484395,0.8993197278911569,0.945788156797331,158
4,43,0.02021604938271604,0.01632801161103048,0.09799168975069206,0.8857142857142861,0.9549624687239344,157
4,44,0.026234567901234573,0.023584905660377353,0.09072022160664783,0.9102040816326533,0.9557964970808968,156
4,45,0.022067901234567866,0.02775761973875185,0.05713296398891954,0.9040816326530612,0.9341117597998299,155
4,46,0.03225308641975305,0.022133526850507956,0.05713296398891954,0.8816326530612248,0.9549624687239344,154
4,47,0.030401234567901225,0.02793904208998549,0.070983379501385,0.8809523809523809,0.9574645537948285,153
4,48,0.027006172839506126,0.022133526850507956,0.06059556786703579,0.9224489795918367,0.8965804837364466,152
4,49,0.027160493827160515,0.020319303338171224,0.052977839335179855,0.9047619047619051,0.9791492910758954,151
4,50,0.026234567901234573,0.02249637155297529,0.02423822714681423,0.9000000000000004,0.9149291075896571,150
4,51,0.02422839506172836,0.027394775036284458,0.06613573407202233,0.8979591836734699,0.9132610508757288,149
4,52,0.01743827160493827,0.011429608127721314,0.08864265927977799,0.8714285714285714,0.8999165971643031,148
4,53,0.02685185185185185,0.032293178519593624,0.08518005540166218,0.8925170068027217,0.9691409507923261,147
4,54,0.024691358024691357,0.026850507982583427,0.0484764542936289,0.9149659863945581,0.9115929941618006,146
4,55,0.022839506172839474,0.017960812772133516,0.0765235457063711,0.8931972789115648,0.9441201000834027,145
4,56,0.025617283950617298,0.024129172714078384,0.07963988919667608,0.8993197278911569,0.9107589658048383,144
4,57,0.030246913580246892,0.023584905660377353,0.10768698060941784,0.9129251700680272,0.9582985821517909,143
4,58,0.04830246913580244,0.023403483309143713,0.08033240997229907,0.9095238095238094,0.8915763135946619,142
4,59,0.026543209876543183,0.015965166908563144,0.08310249307479234,0.8979591836734699,0.9299416180150111,141
4,60,0.03595679012345676,0.025943396226415116,0.06890581717451516,0.8911564625850348,0.9633027522935755,140
4,61,0.0339506172839506,0.0079825834542816,0.0664819944598336,0.9027210884353742,0.951626355296078,139
4,62,0.03487654320987654,0.02158925979680698,0.0820637119113572,0.9013605442176873,0.9032527105921595,138
4,63,0.027623456790123457,0.01977503628447025,0.07132963988919627,0.8748299319727897,0.912427022518763,137
4,64,0.029629629629629617,0.01759796806966618,0.0675207756232683,0.906802721088436,0.8899082568807337,136
4,65,0.01913580246913582,0.01705370101596515,0.08518005540166218,0.9231292517006806,0.951626355296078,135
4,66,0.02021604938271604,0.017960812772133516,0.07617728531855938,0.9027210884353742,0.9432860717264369,134
4,67,0.023611111111111083,0.020137880986937584,0.07894736842105221,0.9115646258503403,0.8982485404503748,133
4,68,0.027160493827160515,0.0,0.06094182825484751,0.8931972789115648,0.8915763135946619,132
4,69,0.030246913580246892,0.019230769230769218,0.032548476454293596,0.9034013605442182,0.8949124270225184,131
4,70,0.03225308641975305,0.010341074020319307,0.07236842105263142,0.8965986394557821,0.9357798165137616,130
4,71,0.029938271604938282,0.01777939042089982,0.045360110803323916,0.8802721088435379,0.9057547956630501,129
4,72,0.029166666666666674,0.015239477503628418,0.08275623268698018,0.8965986394557821,0.8932443703085866,128
4,73,0.027469135802469125,0.021226415094339646,0.07756232686980624,0.9258503401360545,0.9032527105921595,127
4,74,0.02885802469135801,0.022677793904208987,0.07132963988919627,0.8931972789115648,0.8740617180984138,126
4,75,0.02608024691358024,0.011792452830188704,0.04189750692520766,0.8891156462585039,0.890742285237696,125
4,76,0.03287037037037038,0.02394775036284469,0.056094182825484395,0.8965986394557821,0.8632193494578786,124
4,77,0.026234567901234573,0.02249637155297529,0.08621883656509688,0.8904761904761909,0.960800667222685,123
4,78,0.01990740740740743,0.010522496371552947,0.08414127423822704,0.9231292517006806,0.9416180150125086,122
4,79,0.02901234567901234,0.0036284470246734646,0.036703601108032835,0.9020408163265308,0.9132610508757288,121
4,80,0.02237654320987653,0.020137880986937584,0.07375346260387827,0.9129251700680272,0.9299416180150111,120
4,81,0.0368827160493827,0.019593613933236553,0.0699445983379503,0.9149659863945581,0.8932443703085866,119
4,82,0.046604938271604945,0.022314949201741652,0.07825484764542923,0.907482993197279,0.9883236030024989,118
4,83,0.034104938271604934,0.0079825834542816,0.09626038781163393,0.8959183673469391,0.9291075896580487,117
4,84,0.021296296296296313,0.023403483309143713,0.06059556786703579,0.9013605442176873,0.915763135946623,116
4,85,0.04120370370370369,0.03392597968069666,0.07271468144044313,0.9013605442176873,0.9132610508757288,115
4,86,0.036111111111111094,0.017235123367198846,0.06440443213296376,0.9136054421768711,0.9074228523769818,114
4,87,0.02901234567901234,0.00816400580551524,0.08414127423822704,0.9265306122448984,0.9499582985821498,113
4,88,0.038271604938271586,0.013425253991291686,0.07583102493074811,0.8870748299319731,0.91826522101751,112
4,89,0.0339506172839506,0.020319303338171224,0.04743767313019376,0.8823129251700679,0.8790658882401985,111
4,90,0.03225308641975305,0.03465166908563133,0.09556786703601095,0.8741496598639458,0.9733110925771484,110
4,91,0.035030864197530875,0.008345428156748935,0.0664819944598336,0.9149659863945581,0.9441201000834027,109
4,92,0.02114197530864198,0.024129172714078384,0.03497229916897515,0.897278911564626,0.9633027522935755,108
4,93,0.029320987654321007,0.015965166908563144,0.08725761772853202,0.9136054421768711,0.9691409507923261,107
4,94,0.03456790123456788,0.027394775036284458,0.08448753462603875,0.9040816326530612,0.9282735613010829,106
4,95,0.02777777777777779,0.010885341074020283,0.05540166204986141,0.8965986394557821,0.9332777314428675,105
4,96,0.03811728395061725,0.019230769230769218,0.08933518005540142,0.9149659863945581,0.9174311926605476,104
4,97,0.03287037037037038,0.01777939042089982,0.09487534626038796,0.9088435374149664,0.8857381150959149,103
4,98,0.030246913580246892,0.0315674891146589,0.06855955678670345,0.906122448979592,0.9441201000834027,102
4,99,0.022839506172839474,0.023403483309143713,0.04778393351800547,0.8918367346938778,0.9616346955796473,101
4,100,0.0314814814814815,0.017416545718432486,0.07963988919667608,0.8993197278911569,0.9257714762301887,100
4,101,0.033333333333333326,0.014513788098693747,0.07271468144044313,0.8959183673469391,0.8723936613844856,99
4,102,0.02391975308641975,0.03138606676342526,0.07894736842105221,0.8816326530612248,0.8740617180984138,98
4,103,0.029320987654321007,0.03174891146589259,0.06925207756232643,0.9170068027210885,0.936613844870724,97
4,104,0.03364197530864199,0.011429608127721314,0.08933518005540142,0.8945578231292521,0.9532944120100062,96
4,105,0.026543209876543183,0.023222060957910018,0.07998614958448735,0.8959183673469391,0.9374478732276899,95
4,106,0.030864197530864224,0.018142235123367212,0.10283933518005517,0.9115646258503403,0.897414512093409,94
4,107,0.0373456790123457,0.018686502177068243,0.05540166204986141,0.9102040816326533,0.8657214345287727,93
4,108,0.04089506172839502,0.023584905660377353,0.07375346260387827,0.9006802721088438,0.9407839866555463,92
4,109,0.031635802469135776,0.03211175616835993,0.08067867036011034,0.8768707482993197,0.9140950792326912,91
4,110,0.04706790123456789,0.0408200290275762,0.09279778393351812,0.8761904761904766,0.9349457881567957,90
4,111,0.045679012345679004,0.03592162554426703,0.09591412742382266,0.8952380952380952,0.9149291075896571,89
4,112,0.03888888888888892,0.018867924528301883,0.09002770083102485,0.8911564625850348,0.9349457881567957,88
4,113,0.03657407407407404,0.0395500725689405,0.12188365650969546,0.8877551020408165,0.912427022518763,87
4,114,0.04922839506172838,0.05206821480406387,0.070983379501385,0.8870748299319731,0.8857381150959149,86
4,115,0.04675925925925928,0.03973149492017414,0.11461218836565079,0.906122448979592,0.9257714762301887,85
4,116,0.050617283950617264,0.06095791001451378,0.08656509695290815,0.8714285714285714,0.8490408673894905,84
4,117,0.06466049382716049,0.05279390420899854,0.13885041551246502,0.8578231292517011,0.9549624687239344,83
4,118,0.05972222222222223,0.054789550072568916,0.07132963988919627,0.8938775510204082,0.9299416180150111,82
4,119,0.0625,0.05696661828737298,0.08968144044321313,0.8625850340136054,0.8857381150959149,81
4,120,0.05478395061728397,0.062227866473149485,0.1270775623268694,0.8578231292517011,0.9107589658048383,80
4,121,0.0683641975308642,0.06204644412191579,0.0990304709141272,0.8523809523809529,0.9316096747289393,79
4,122,0.07361111111111107,0.07819303338171263,0.11461218836565079,0.8482993197278912,0.9341117597998299,78
4,123,0.08209876543209876,0.07293178519593613,0.13815789473684204,0.8482993197278912,0.8857381150959149,77
4,124,0.08148148148148149,0.062409288824383125,0.11703601108033235,0.8714285714285714,0.8949124270225184,76
4,125,0.07885802469135805,0.06494920174165458,0.15477839335180033,0.8482993197278912,0.8623853211009163,75
4,126,0.09012345679012346,0.07021044992743108,0.15512465373961204,0.8394557823129256,0.9257714762301887,74
4,127,0.09706790123456793,0.09615384615384615,0.13954293628808845,0.8523809523809529,0.9007506255212654,73
4,128,0.1057098765432099,0.09325108853410741,0.13573407202216048,0.8625850340136054,0.8432026688907399,72
4,129,0.10709876543209879,0.0959724238026125,0.15166204986149578,0.8258503401360549,0.8798999165971608,71
4,130,0.11157407407407405,0.08980406386066764,0.1499307479224372,0.8115646258503402,0.8073394495412849,70
4,131,0.1191358024691358,0.11030478955007256,0.16412742382271484,0.8292517006802727,0.797331109257712,69
4,132,0.11558641975308642,0.12681422351233673,0.14231301939058127,0.8251700680272114,0.8340283569641365,68
4,133,0.1305555555555556,0.11375181422351233,0.17590027700831,0.8129251700680276,0.8381984987489552,67
4,134,0.12978395061728393,0.12645137880986934,0.15096952908587236,0.8115646258503402,0.9357798165137616,66
4,135,0.15108024691358024,0.13588534107402028,0.17624653739612173,0.7741496598639457,0.7998331943286061,65
4,136,0.15709876543209872,0.13153120464441215,0.17174515235457077,0.7925170068027212,0.8040033361134249,64
4,137,0.14845679012345675,0.14350507982583455,0.17486149584487531,0.778231292517007,0.8081734778982472,63
4,138,0.1662037037037037,0.1489477503628447,0.19390581717451516,0.7904761904761908,0.8248540450375295,62
4,139,0.16836419753086418,0.16092162554426703,0.21502770083102485,0.7741496598639457,0.8265221017514577,61
4,140,0.17253086419753083,0.15856313497822933,0.22368421052631593,0.7755102040816326,0.8340283569641365,60
4,141,0.18657407407407406,0.1723512336719884,0.22957063711911374,0.7755102040816326,0.8440366972477058,59
4,142,0.19197530864197526,0.1897677793904209,0.2285318559556786,0.7646258503401362,0.8173477898248507,58
4,143,0.20200617283950612,0.18196661828737298,0.2441135734072022,0.7877551020408169,0.7898248540450368,57
4,144,0.20895061728395065,0.19194484760522496,0.2309556786703597,0.7632653061224492,0.7739783152627169,56
4,145,0.2138888888888889,0.19176342525399126,0.2340720221606647,0.7115646258503405,0.8115095913261037,55
4,146,0.2424382716049382,0.20881712626995647,0.22610803324099704,0.7394557823129251,0.7597998331943252,54
4,147,0.24182098765432097,0.21788824383164002,0.2520775623268694,0.7176870748299322,0.8031693077564626,53
4,148,0.24120370370370364,0.2249637155297533,0.26800554016620515,0.694557823129252,0.7848206839032486,52
4,149,0.24058641975308642,0.2342162554426706,0.2929362880886428,0.7081632653061227,0.7848206839032486,51
4,150,0.26033950617283946,0.2548984034833091,0.30436288088642627,0.702040816326531,0.7898248540450368,50
4,151,0.2746913580246913,0.2523584905660377,0.27389196675900296,0.6938775510204085,0.7698081734778981,49
4,152,0.2864197530864197,0.2581640058055152,0.29016620498614953,0.6857142857142859,0.743119266055043,48
4,153,0.2776234567901234,0.2772133526850507,0.28289473684210487,0.6578231292517005,0.7831526271893239,47
4,154,0.31049382716049384,0.27521770682148045,0.31855955678670345,0.6625850340136057,0.7906588824020027,46
4,155,0.3063271604938272,0.2906386066763425,0.36045706371191155,0.6482993197278915,0.7481234361968312,45
4,156,0.31049382716049384,0.3027939042089985,0.31440443213296376,0.629931972789116,0.7439532944120089,44
4,157,0.329783950617284,0.3120464441219158,0.34002770083102485,0.6319727891156468,0.7189324437030855,43
4,158,0.34675925925925927,0.3056966618287373,0.3486842105263155,0.6278911564625851,0.6980817347789845,42
4,159,0.35401234567901224,0.3372641509433962,0.36772853185595533,0.6088435374149666,0.6847372810675552,41
4,160,0.36959876543209874,0.34089259796806964,0.3822714681440442,0.6088435374149666,0.737281067556296,40
4,161,0.3719135802469136,0.36411465892597966,0.41516620498614953,0.5959183673469393,0.6705587989991635,39
4,162,0.3831790123456789,0.3664731494920174,0.4193213296398888,0.5897959183673471,0.6772310258548799,38
4,163,0.3898148148148148,0.3726415094339623,0.4525623268698058,0.574149659863946,0.6346955796497049,37
4,164,0.4172839506172839,0.39314223512336716,0.4362880886426592,0.5639455782312925,0.6413678065054214,36
4,165,0.41944444444444445,0.39277939042089977,0.4359418282548475,0.5591836734693878,0.7055879899916562,35
4,166,0.43317901234567896,0.3978592162554427,0.4473684210526314,0.581632653061225,0.6638865721434506,34
4,167,0.4398148148148147,0.4310595065312047,0.44771468144044313,0.5156462585034016,0.6146788990825698,33
4,168,0.45802469135802465,0.42543541364296084,0.4522160664819941,0.5231292517006807,0.6030025020850722,32
4,169,0.47253086419753093,0.4426705370101596,0.4961911357340716,0.49523809523809526,0.6630525437864883,31
4,170,0.4723765432098765,0.4560957910014514,0.5031163434903045,0.5231292517006807,0.6088407005838192,30
4,171,0.49953703703703706,0.4769593613933237,0.4903047091412742,0.48231292517006796,0.5487906588824032,29
4,172,0.5013888888888889,0.4927431059506531,0.5010387811634347,0.48163265306122494,0.5362802335279397,28
4,173,0.524537037037037,0.4994557329462989,0.5574792243767313,0.4693877551020411,0.6113427856547133,27
4,174,0.5316358024691359,0.5166908563134978,0.5287396121883656,0.44761904761904825,0.5512927439532902,26
4,175,0.5455246913580247,0.5210449927431058,0.5342797783933517,0.40952380952380985,0.5145954962468728,25
4,176,0.5679012345679011,0.5319303338171262,0.5481301939058167,0.45306122448979647,0.5187656380316952,24
4,177,0.5802469135802468,0.5620464441219157,0.5966066481994456,0.3952380952380956,0.5221017514595481,23
4,178,0.5825617283950617,0.5892597968069666,0.570983379501385,0.3891156462585035,0.48457047539616127,22
4,179,0.5978395061728394,0.5956095791001452,0.6540858725761769,0.3843537414965992,0.4653878231859885,21
4,180,0.6080246913580245,0.5983309143686502,0.6204986149584486,0.3687074829931971,0.5062552126772317,20
4,181,0.6391975308641975,0.617198838896952,0.6343490304709141,0.3496598639455786,0.5095913261050846,19
4,182,0.6518518518518519,0.6360667634252539,0.6675900277008306,0.33197278911564654,0.428690575479564,18
4,183,0.6625000000000001,0.6367924528301885,0.6810941828254844,0.3428571428571434,0.5029190992493753,17
4,184,0.6850308641975309,0.6611030478955007,0.7032548476454292,0.33061224489795915,0.45704753961634736,16
4,185,0.7074074074074073,0.6757982583454283,0.6918282548476453,0.2993197278911568,0.46705587989991315,15
4,186,0.7217592592592592,0.6901306240928882,0.7347645429362877,0.26938775510204094,0.43035863219349224,14
4,187,0.7297839506172838,0.7010159651669086,0.7683518005540164,0.2816326530612243,0.4070058381984971,13
4,188,0.7464506172839507,0.7075471698113207,0.7288781163434903,0.2816326530612243,0.3878231859883208,12
4,189,0.7575617283950618,0.7476415094339623,0.7808171745152355,0.2605442176870749,0.38198498748957377,11
4,190,0.7777777777777779,0.7485486211901307,0.7558864265927974,0.22448979591836737,0.3644703919933292,10
4,191,0.7896604938271605,0.7594339622641508,0.7925900277008306,0.22721088435374126,0.4295246038365299,9
4,192,0.8087962962962962,0.7895500725689406,0.8099030470914124,0.20612244897959187,0.3853211009174302,8
4,193,0.8348765432098766,0.8066037735849056,0.8161357340720219,0.18911564625850374,0.3027522935779814,7
4,194,0.8424382716049383,0.8165820029027577,0.817174515235457,0.18503401360544247,0.3761467889908232,6
4,195,0.8592592592592592,0.8403483309143687,0.8351800554016617,0.1591836734693879,0.3002502085070873,5
4,196,0.8862654320987655,0.850689404934688,0.8871191135734069,0.14489795918367365,0.2885738115095897,4
4,197,0.892746913580247,0.875,0.9016620498614958,0.13605442176870763,0.3728106755629703,3
4,198,0.9273148148148149,0.8886066763425255,0.8978531855955678,0.12244897959183687,0.2568807339449535,2
4,199,0.9439814814814815,0.9112844702467344,0.9248614958448753,0.10952380952380958,0.32944120100083296,1
4,200,0.9561728395061728,0.9259796806966618,0.963642659279778,0.0972789115646262,0.24770642201835003,0
5,1,0.03518518518518521,0.053519593613933214,0.03497229916897515,0.9149659863945581,0.906588824020016,199
5,2,0.04182098765432096,0.05152394775036284,0.03808864265927969,0.9142857142857146,0.9316096747289393,198
5,3,0.036111111111111094,0.061683599419448454,0.08414127423822704,0.906122448979592,0.8890742285237678,197
5,4,0.03950617283950619,0.06113933236574748,0.04362880886426579,0.905442176870749,0.8640533778148445,196
5,5,0.03472222222222221,0.059325108853410746,0.043282548476454075,0.898639455782313,0.9057547956630501,195
5,6,0.04104938271604941,0.06694484760522496,0.044321329639888773,0.9115646258503403,0.894078398665556,194
5,7,0.04413580246913579,0.06313497822931785,0.06094182825484751,0.9156462585034015,0.9316096747289393,193
5,8,0.039969135802469136,0.062227866473149485,0.06440443213296376,0.897278911564626,0.890742285237696,192
5,9,0.041666666666666685,0.06349782293178519,0.03185595567867017,0.9047619047619051,0.9090909090909065,191
5,10,0.027006172839506126,0.058780841799709715,0.043282548476454075,0.9040816326530612,0.9591326105087568,190
5,11,0.033024691358024716,0.054426705370101636,0.0010387811634346988,0.8993197278911569,0.8990825688073372,189
5,12,0.03749999999999998,0.06839622641509435,0.06094182825484751,0.906802721088436,0.8999165971643031,188
5,13,0.046913580246913555,0.06023222060957906,0.03185595567867017,0.8829931972789118,0.897414512093409,187
5,14,0.045216049382716006,0.07692307692307693,0.047091412742382044,0.8959183673469391,0.8723936613844856,186
5,15,0.043981481481481455,0.04771407837445574,0.05574792243767268,0.9170068027210885,0.9266055045871546,185
5,16,0.03919753086419753,0.06458635703918719,0.049168975069251886,0.8952380952380952,0.9741451209341108,184
5,17,0.03842592592592592,0.06603773584905659,0.0041551246537392394,0.9231292517006806,0.960800667222685,183
5,18,0.04074074074074069,0.06440493468795355,0.05574792243767268,0.897278911564626,0.9299416180150111,182
5,19,0.03564814814814815,0.05605950653120462,0.06544321329639846,0.9190476190476193,0.8882402001668019,181
5,20,0.036111111111111094,0.05569666182873728,0.058864265927977666,0.8925170068027217,0.9241034195162641,180
5,21,0.045216049382716006,0.05986937590711172,0.06371191135734033,0.9020408163265308,0.9049207673060877,179
5,22,0.03456790123456788,0.06785195936139332,0.032894736842104866,0.9108843537414972,0.9099249374478688,178
5,23,0.034104938271604934,0.05605950653120462,0.0699445983379503,0.9088435374149664,0.8782318598832362,177
5,24,0.04243827160493824,0.059325108853410746,0.10595567867035971,0.9102040816326533,0.8990825688073372,176
5,25,0.04938271604938271,0.047169811320754707,0.04778393351800547,0.9333333333333336,0.9082568807339442,175
5,26,0.029938271604938282,0.057510885341074014,0.07132963988919627,0.9108843537414972,0.8840700583819832,174
5,27,0.03641975308641976,0.05642235123367201,0.052285318559556426,0.9244897959183676,0.9474562135112556,173
5,28,0.04336419753086418,0.05079825834542817,0.023199445983379086,0.9136054421768711,0.8673894912427009,172
5,29,0.03919753086419753,0.06259071117561682,0.02631578947368407,0.8918367346938778,0.9090909090909065,171
5,30,0.043672839506172845,0.06821480406386066,0.056786703601107824,0.906802721088436,0.8874061718098396,170
5,31,0.0339506172839506,0.05678519593613934,0.05332409972299157,0.9108843537414972,0.8423686405337776,169
5,32,0.035802469135802484,0.06912191582002902,0.04743767313019376,0.8870748299319731,0.990825688073393,168
5,33,0.040432098765432134,0.06331640058055155,0.052977839335179855,0.9013605442176873,0.8874061718098396,167
5,34,0.0537037037037037,0.06767053701015968,0.06024930747922452,0.9136054421768711,0.8782318598832362,166
5,35,0.04845679012345683,0.05424528301886794,0.05090027700831001,0.8836734693877557,0.8440366972477058,165
5,36,0.04259259259259257,0.054608127721335276,0.011772853185595178,0.9136054421768711,0.9824854045037519,164
5,37,0.04922839506172838,0.058599419448476076,0.046398891966758615,0.9183673469387754,0.9491242702251874,163
5,38,0.03842592592592592,0.06077648766328014,0.05124653739612173,0.9136054421768711,0.9074228523769818,162
5,39,0.0398148148148148,0.07039187227866472,0.06717451523545703,0.9122448979591842,0.9691409507923261,161
5,40,0.038271604938271586,0.07220609579100146,0.05540166204986141,0.9503401360544221,0.8723936613844856,160
5,41,0.03641975308641976,0.06349782293178519,0.052977839335179855,0.9326530612244905,0.8899082568807337,159
5,42,0.04614197530864195,0.06894049346879533,0.05817174515235468,0.8931972789115648,0.9591326105087568,158
5,43,0.04814814814814811,0.06476777939042089,0.0495152354570636,0.9088435374149664,0.9090909090909065,157
5,44,0.04459876543209873,0.06059506531204645,0.03150969529085845,0.8918367346938778,0.8865721434528773,156
5,45,0.041975308641975295,0.06023222060957906,0.049861495844875314,0.9129251700680272,0.890742285237696,155
5,46,0.04969135802469138,0.05841799709724238,0.03843490304709141,0.9129251700680272,0.8507089241034187,154
5,47,0.035802469135802484,0.06748911465892599,0.015927977839335306,0.9210884353741497,0.9624687239366132,153
5,48,0.038271604938271586,0.06259071117561682,0.06544321329639846,0.9000000000000004,0.9407839866555463,152
5,49,0.03641975308641976,0.05696661828737298,0.03220221606648188,0.9108843537414972,0.9507923269391121,151
5,50,0.03950617283950619,0.051161103047895506,0.027354570637119213,0.9115646258503403,0.9733110925771484,150
5,51,0.04305555555555557,0.057692307692307654,0.05921052631578938,0.9027210884353742,0.8990825688073372,149
5,52,0.03472222222222221,0.07057329462989842,0.0020775623268693977,0.9170068027210885,0.8965804837364466,148
5,53,0.03811728395061725,0.07275036284470249,0.033587257617728294,0.8965986394557821,0.9074228523769818,147
5,54,0.043209876543209846,0.05714804063860668,0.018698060941828132,0.8945578231292521,0.9549624687239344,146
5,55,0.04104938271604941,0.06367924528301888,0.04155124653739595,0.897278911564626,0.9683069224353602,145
5,56,0.03950617283950619,0.05714804063860668,0.06509695290858719,0.8959183673469391,0.8924103419516243,144
5,57,0.04074074074074069,0.06041364296081275,0.05055401662049874,0.9346938775510205,0.9232693911592982,143
5,58,0.025925925925925908,0.06277213352685052,0.046745152354570774,0.906802721088436,0.9199332777314417,142
5,59,0.040432098765432134,0.06005079825834542,0.056786703601107824,0.898639455782313,0.8807339449541267,141
5,60,0.059259259259259234,0.055333817126269946,0.04778393351800547,0.8857142857142861,0.915763135946623,140
5,61,0.03487654320987654,0.05714804063860668,0.06405817174515249,0.9122448979591842,0.9307756463719734,139
5,62,0.029629629629629617,0.0738388969521045,0.02562326869806064,0.9265306122448984,0.945788156797331,138
5,63,0.04413580246913579,0.05424528301886794,0.048822714681440615,0.8993197278911569,0.9132610508757288,137
5,64,0.039043209876543195,0.045718432510885365,0.06544321329639846,0.9047619047619051,0.8957464553794807,136
5,65,0.03719135802469137,0.06295355587808421,0.030470914127423754,0.8755102040816327,0.9257714762301887,135
5,66,0.04382716049382712,0.05896226415094341,0.02631578947368407,0.907482993197279,0.8632193494578786,134
5,67,0.03425925925925927,0.05497097242380261,0.06059556786703579,0.9013605442176873,0.897414512093409,133
5,68,0.052623456790123424,0.06295355587808421,0.05193905817174471,0.9013605442176873,0.8924103419516243,132
5,69,0.027160493827160515,0.06748911465892599,0.054016620498614554,0.9034013605442182,0.9074228523769818,131
5,70,0.045216049382716006,0.04916545718432508,0.03601108033240985,0.8904761904761909,0.9708090075062543,130
5,71,0.04598765432098767,0.04444847605224961,0.019736842105263275,0.9040816326530612,0.8965804837364466,129
5,72,0.032407407407407385,0.07456458635703922,0.05159279778393344,0.9122448979591842,0.8890742285237678,128
5,73,0.04506172839506173,0.057692307692307654,0.04120498614958423,0.9142857142857146,0.8573811509591316,127
5,74,0.05046296296296299,0.061683599419448454,0.06821329639889173,0.8911564625850348,0.8815679733110926,126
5,75,0.03348765432098766,0.062227866473149485,0.047091412742382044,0.9000000000000004,0.8782318598832362,125
5,76,0.03271604938271605,0.06005079825834542,0.03808864265927969,0.8965986394557821,0.9633027522935755,124
5,77,0.04012345679012347,0.06966618287373005,0.036703601108032835,0.9095238095238094,0.9099249374478688,123
5,78,0.03009259259259256,0.07075471698113206,0.04362880886426579,0.9163265306122454,0.8865721434528773,122
5,79,0.03966049382716047,0.054063860667634245,0.0675207756232683,0.9102040816326533,0.9241034195162641,121
5,80,0.048919753086419715,0.06875907111756169,0.05921052631578938,0.8863945578231296,0.8890742285237678,120
5,81,0.034413580246913544,0.06567489114658925,0.049168975069251886,0.8870748299319731,0.9057547956630501,119
5,82,0.031327160493827166,0.06005079825834542,0.01731301939058172,0.9129251700680272,0.9249374478732264,118
5,83,0.052314814814814814,0.06658200290275762,0.03878116343490268,0.9170068027210885,0.8657214345287727,117
5,84,0.03472222222222221,0.06277213352685052,0.008656509695290637,0.905442176870749,0.8782318598832362,116
5,85,0.04120370370370369,0.0526124818577649,0.05332409972299157,0.906122448979592,0.9591326105087568,115
5,86,0.04058641975308641,0.054789550072568916,0.04189750692520766,0.8877551020408165,0.9257714762301887,114
5,87,0.04429012345679012,0.07837445573294627,0.03531855955678642,0.9027210884353742,0.8932443703085866,113
5,88,0.041975308641975295,0.06313497822931785,0.045013850415512646,0.9210884353741497,0.8915763135946619,112
5,89,0.04675925925925928,0.06440493468795355,0.0460526315789469,0.9020408163265308,0.9933277731442836,111
5,90,0.03549382716049382,0.06259071117561682,0.033240997229917024,0.9306122448979597,0.9416180150125086,110
5,91,0.03641975308641976,0.06422351233671986,0.05055401662049874,0.8993197278911569,0.9374478732276899,109
5,92,0.04305555555555557,0.06204644412191579,0.045360110803323916,0.9122448979591842,0.9199332777314417,108
5,93,0.04089506172839502,0.05587808417997098,0.0754847645429364,0.8918367346938778,0.9266055045871546,107
5,94,0.03858024691358025,0.07329462989840346,0.030470914127423754,0.8959183673469391,0.8798999165971608,106
5,95,0.04259259259259257,0.050435413642960836,0.03774238227146798,0.8768707482993197,0.9199332777314417,105
5,96,0.03749999999999998,0.049709724238026165,0.06475069252077548,0.88843537414966,0.9382819015846522,104
5,97,0.03626543209876543,0.07202467343976782,0.05921052631578938,0.8925170068027217,0.8815679733110926,103
5,98,0.04429012345679012,0.058599419448476076,0.043282548476454075,0.9231292517006806,0.8874061718098396,102
5,99,0.04120370370370369,0.06730769230769229,0.06024930747922452,0.9040816326530612,0.9024186822351972,101
5,100,0.029938271604938282,0.05279390420899854,0.05159279778393344,0.9040816326530612,0.9149291075896571,100
5,101,0.04706790123456789,0.05188679245283018,0.042243767313019376,0.9088435374149664,0.8882402001668019,99
5,102,0.049845679012345656,0.06730769230769229,0.05159279778393344,0.9299319727891158,0.8615512927439539,98
5,103,0.04135802469135802,0.06386066763425252,0.031163434903047182,0.9095238095238094,0.8748957464553797,97
5,104,0.04629629629629628,0.06948476052249636,0.052285318559556426,0.8795918367346944,0.8790658882401985,96
5,105,0.04645061728395056,0.06277213352685052,0.0017313019390581275,0.9210884353741497,0.9149291075896571,95
5,106,0.03888888888888892,0.07093613933236576,0.037396121883656264,0.8938775510204082,0.92160133444537,94
5,107,0.0561728395061728,0.07674165457184329,0.056440443213296554,0.9081632653061225,0.9349457881567957,93
5,108,0.038734567901234584,0.07093613933236576,0.03878116343490268,0.905442176870749,0.8999165971643031,92
5,109,0.05123456790123454,0.06857764876632799,0.0,0.9020408163265308,0.9282735613010829,91
5,110,0.052623456790123424,0.06875907111756169,0.08310249307479234,0.9020408163265308,0.9199332777314417,90
5,111,0.05833333333333335,0.07402031930333819,0.04085872576177296,0.8632653061224493,0.8882402001668019,89
5,112,0.05864197530864196,0.07093613933236576,0.07236842105263142,0.8965986394557821,0.945788156797331,88
5,113,0.05447530864197525,0.07910014513788094,0.06959833795013814,0.9129251700680272,0.8440366972477058,87
5,114,0.055864197530864246,0.0843613933236575,0.08968144044321313,0.8931972789115648,0.8890742285237678,86
5,115,0.06604938271604938,0.08708272859216254,0.05921052631578938,0.8925170068027217,0.936613844870724,85
5,116,0.07592592592592595,0.08907837445573291,0.06890581717451516,0.8843537414965987,0.9132610508757288,84
5,117,0.06666666666666665,0.08798984034833096,0.052977839335179855,0.9000000000000004,0.8548790658882375,83
5,118,0.06790123456790126,0.09052975326560231,0.10872576177285298,0.8741496598639458,0.8682235195996633,82
5,119,0.07067901234567897,0.10522496371552975,0.028739612188365626,0.8632653061224493,0.9791492910758954,81
5,120,0.0813271604938271,0.08871552975326563,0.07998614958448735,0.8741496598639458,0.9132610508757288,80
5,121,0.09274691358024689,0.10322931785195932,0.07479224376731297,0.8809523809523809,0.8590492076730598,79
5,122,0.07901234567901233,0.09161828737300437,0.06094182825484751,0.8544217687074833,0.8407005838198494,78
5,123,0.09151234567901234,0.09978229317851961,0.037396121883656264,0.8489795918367351,0.860717264386988,77
5,124,0.09027777777777779,0.12373004354136424,0.08518005540166218,0.8707482993197284,0.8732276897414515,76
5,125,0.09814814814814815,0.11103047895500723,0.0990304709141272,0.8448979591836738,0.875729774812342,75
5,126,0.10169753086419753,0.11484034833091433,0.12188365650969546,0.8564625850340142,0.8523769808173469,74
5,127,0.10895061728395061,0.1259071117561683,0.09418282548476409,0.8476190476190482,0.8423686405337776,73
5,128,0.1074074074074074,0.1197387518142235,0.10768698060941784,0.8496598639455781,0.836530442035027,72
5,129,0.1341049382716049,0.1431422351233672,0.1416204986149583,0.8482993197278912,0.9174311926605476,71
5,130,0.1191358024691358,0.1235486211901306,0.11634349030470892,0.8401360544217691,0.8573811509591316,70
5,131,0.13132716049382714,0.15711175616835993,0.1360803324099722,0.8387755102040817,0.8165137614678883,69
5,132,0.1287037037037037,0.16509433962264147,0.1364265927977839,0.8142857142857145,0.8231859883236048,68
5,133,0.1375,0.1540275761973875,0.11807479224376749,0.7965986394557829,0.8331943286071706,67
5,134,0.14398148148148143,0.1732583454281567,0.15131578947368407,0.8149659863945584,0.8098415346121755,66
5,135,0.15324074074074073,0.17416545718432508,0.1644736842105261,0.804761904761905,0.866555462885735,65
5,136,0.16064814814814815,0.18378084179970977,0.1499307479224372,0.7755102040816326,0.8348623853210988,64
5,137,0.17191358024691356,0.18886066763425258,0.17209141274238204,0.7897959183673473,0.7939949958298591,63
5,138,0.17777777777777776,0.19448476052249636,0.16135734072022156,0.8034013605442181,0.7864887406171803,62
5,139,0.17777777777777776,0.21026850507982586,0.19286703601108046,0.77687074829932,0.8198498748957448,61
5,140,0.1896604938271605,0.18559506531204645,0.1689750692520775,0.7748299319727896,0.7931609674728897,60
5,141,0.19783950617283952,0.2211538461538462,0.1859418282548475,0.7544217687074832,0.8106755629691413,59
5,142,0.20185185185185184,0.21933962264150936,0.19390581717451516,0.7925170068027212,0.7197664720600478,58
5,143,0.20941358024691353,0.22804789550072563,0.1925207756232683,0.7673469387755105,0.815679733110926,57
5,144,0.21959876543209877,0.23403483309143686,0.21191135734071986,0.7462585034013611,0.7806505421184298,56
5,145,0.2270061728395062,0.2460087082728592,0.2344182825484764,0.7238095238095239,0.7422852376980806,55
5,146,0.2257716049382716,0.2587082728592162,0.23372576177285298,0.740136054421769,0.7231025854879078,54
5,147,0.2561728395061728,0.25634978229317856,0.24030470914127422,0.7374149659863947,0.731442869057549,53
5,148,0.2506172839506173,0.27068214804063856,0.29501385041551265,0.7217687074829935,0.8115095913261037,52
5,149,0.2703703703703703,0.28084179970972417,0.23684210526315752,0.7244897959183678,0.7022518765638033,51
5,150,0.2819444444444444,0.28864296081277213,0.21675900277008298,0.6972789115646263,0.767306088407004,50
5,151,0.2799382716049383,0.3015239477503629,0.25657894736842124,0.6761904761904765,0.7364470391993336,49
5,152,0.2912037037037037,0.3031567489114659,0.30159279778393344,0.6734693877551026,0.7422852376980806,48
5,153,0.3010802469135802,0.30388243831640055,0.266274238227147,0.6768707482993199,0.7906588824020027,47
5,154,0.3141975308641975,0.31240928882438307,0.24480609418282562,0.6782312925170069,0.7139282735612973,46
5,155,0.3277777777777778,0.32837445573294627,0.31405817174515205,0.6707482993197278,0.6955796497080904,45
5,156,0.3283950617283951,0.34506531204644414,0.3268698060941828,0.6496598639455784,0.7356130108423677,44
5,157,0.3385802469135802,0.34560957910014517,0.36149584487534625,0.6326530612244898,0.6763969974979105,43
5,158,0.35169753086419747,0.36611030478955003,0.3306786703601108,0.6312925170068029,0.6864053377814834,42
5,159,0.3640432098765432,0.35903483309143686,0.37984764542936267,0.619727891156463,0.6989157631359468,41
5,160,0.3654320987654321,0.3835268505079826,0.34626038781163393,0.6319727891156468,0.6522101751459566,40
5,161,0.3898148148148148,0.3933236574746008,0.36045706371191155,0.5986394557823131,0.7064220183486256,39
5,162,0.38487654320987646,0.3996734397677794,0.34522160664819923,0.5775510204081638,0.6288573811509579,38
5,163,0.3981481481481482,0.4150943396226415,0.354916897506925,0.5680272108843538,0.6872393661384457,37
5,164,0.42237654320987655,0.4334179970972423,0.3833102493074789,0.5510204081632657,0.6005004170141781,36
5,165,0.4314814814814815,0.44992743105950656,0.42763157894736814,0.5700680272108847,0.6055045871559592,35
5,166,0.4441358024691358,0.45319303338171263,0.4196675900277005,0.5782312925170068,0.5629691409507913,34
5,167,0.454783950617284,0.47641509433962265,0.4092797783933517,0.5306122448979593,0.5946622185154276,33
5,168,0.4674382716049383,0.4682510885341074,0.4567174515235459,0.5374149659863949,0.6205170975813168,32
5,169,0.47608024691358025,0.4929245283018869,0.4425207756232683,0.5129251700680277,0.6663886572143447,31
5,170,0.4949074074074074,0.4963715529753265,0.47333795013850377,0.4877551020408162,0.5454545454545432,30
5,171,0.5009259259259258,0.5145137880986939,0.49861495844875314,0.5027210884353743,0.5929941618014993,29
5,172,0.5138888888888888,0.5266690856313498,0.4996537396121883,0.47414965986394586,0.5571309424520443,28
5,173,0.5367283950617283,0.5413642960812772,0.5114265927977839,0.49251700680272137,0.5504587155963279,27
5,174,0.5549382716049382,0.5613207547169812,0.4948060941828252,0.44421768707483045,0.5187656380316952,26
5,175,0.5561728395061729,0.5700290275761974,0.5436288088642658,0.4639455782312929,0.5471226021684714,25
5,176,0.5726851851851853,0.5693033381712627,0.5474376731301938,0.43469387755102096,0.5329441201000833,24
5,177,0.6026234567901234,0.6072206095791002,0.5730609418282548,0.40884353741496593,0.4995829858215153,23
5,178,0.603395061728395,0.6066763425253991,0.5813711911357338,0.4142857142857146,0.46955796497080726,22
5,179,0.625925925925926,0.6273584905660377,0.5564404432132961,0.39591836734693864,0.5054211843202658,21
5,180,0.6391975308641975,0.6386066763425253,0.6146121883656508,0.38639455782312915,0.44120100083402747,20
5,181,0.6393518518518517,0.6638243831640056,0.6346952908587253,0.37482993197278924,0.5246038365304422,19
5,182,0.669753086419753,0.6752539912917273,0.6125346260387814,0.3809523809523814,0.4812343619683084,18
5,183,0.6760802469135803,0.6805152394775036,0.6468144044321327,0.3210884353741501,0.4753961634695578,17
5,184,0.6881172839506171,0.7031930333817127,0.6478531855955678,0.3265306122448983,0.4161801501251041,16
5,185,0.7086419753086419,0.729499274310595,0.6956371191135733,0.3210884353741501,0.4295246038365299,15
5,186,0.7305555555555556,0.7394775036284471,0.672091412742382,0.30136054421768677,0.35779816513761276,14
5,187,0.7483024691358025,0.7619738751814225,0.7025623268698058,0.259183673469388,0.42702251876563935,13
5,188,0.7520061728395062,0.7581640058055152,0.7271468144044317,0.2775510204081635,0.37948290241867966,12
5,189,0.7700617283950617,0.779934687953556,0.7247229916897506,0.24421768707483027,0.3728106755629703,11
5,190,0.792746913580247,0.7939042089985486,0.7226454293628808,0.2585034013605445,0.2802335279399486,10
5,191,0.8046296296296296,0.8071480406386067,0.7655817174515231,0.23741496598639467,0.3969974979149278,9
5,192,0.8199074074074073,0.8325471698113207,0.7822022160664819,0.19183673469387763,0.4103419516263571,8
5,193,0.8325617283950617,0.8479680696661829,0.8015927977839334,0.20408163265306145,0.3185988323603013,7
5,194,0.8638888888888889,0.850689404934688,0.8099030470914124,0.17687074829931992,0.3002502085070873,6
5,195,0.878858024691358,0.8869738751814225,0.8213296398891963,0.18027210884353773,0.31192660550458484,5
5,196,0.888425925925926,0.8945936139332367,0.838642659279778,0.14421768707483018,0.3110925771476225,4
5,197,0.9132716049382716,0.9023947750362844,0.8320637119113568,0.14353741496598627,0.2568807339449535,3
5,198,0.9317901234567902,0.9372278664731495,0.8556094182825484,0.10272108843537442,0.3269391159299424,2
5,199,0.9503086419753086,0.9464804063860668,0.8784626038781163,0.09931972789115662,0.21851542952460434,1
5,200,0.9719135802469137,0.961901306240929,0.9307479224376731,0.08435374149659891,0.21017514595496323,0
6,1,0.05339506172839509,0.04825834542815677,0.1471606648199444,0.8802721088435379,0.8582151793160939,199
6,2,0.07129629629629625,0.029027576197387495,0.145083102493075,0.8530612244897964,0.8048373644703908,198
6,3,0.05802469135802468,0.03991291727140783,0.11876731301939047,0.8687074829931976,0.7998331943286061,197
6,4,0.051851851851851816,0.049709724238026165,0.14854570637119124,0.8489795918367351,0.8598832360300221,196
6,5,0.07129629629629625,0.04281567489114657,0.1353878116343492,0.8782312925170075,0.8356964136780647,195
6,6,0.06527777777777777,0.03973149492017414,0.12811634349030454,0.8585034013605446,0.8623853211009163,194
6,7,0.06527777777777777,0.03211175616835993,0.14681440443213312,0.850340136054422,0.8532110091743128,193
6,8,0.06327160493827155,0.042452830188679236,0.09626038781163393,0.8755102040816327,0.8373644703919929,192
6,9,0.07253086419753085,0.036284470246734424,0.1319252077562325,0.889795918367347,0.8507089241034187,191
6,10,0.07268518518518519,0.04009433962264147,0.13988919667590016,0.8646258503401363,0.8882402001668019,190
6,11,0.06080246913580245,0.03265602322206096,0.12188365650969546,0.8646258503401363,0.8532110091743128,189
6,12,0.06944444444444442,0.049346879535558774,0.11599722991689765,0.8537414965986394,0.8123436196830696,188
6,13,0.0776234567901235,0.0420899854862119,0.14127423822714658,0.8455782312925173,0.8598832360300221,187
6,14,0.06820987654320981,0.037917271407837405,0.15166204986149578,0.8952380952380952,0.8290241868223518,186
6,15,0.05864197530864196,0.03338171262699563,0.16066481994459814,0.8775510204081636,0.8557130942451998,185
6,16,0.06527777777777777,0.03392597968069666,0.14819944598337909,0.8585034013605446,0.851542952460381,184
6,17,0.06882716049382714,0.03846153846153849,0.12880886426592753,0.8639455782312933,0.8865721434528773,183
6,18,0.07515432098765434,0.04408563134978227,0.14681440443213312,0.860544217687075,0.836530442035027,182
6,19,0.06913580246913581,0.041001451378809894,0.10837950138504171,0.8591836734693881,0.8573811509591316,181
6,20,0.06188271604938267,0.050616835994194476,0.14127423822714658,0.8823129251700679,0.8690575479566292,180
6,21,0.06558641975308638,0.033018867924528295,0.1329639889196672,0.8639455782312933,0.8148457047539601,179
6,22,0.06172839506172839,0.03737300435413643,0.13988919667590016,0.8700680272108845,0.8407005838198494,178
6,23,0.06790123456790126,0.03846153846153849,0.08310249307479234,0.8571428571428572,0.8965804837364466,177
6,24,0.05462962962962964,0.040638606676342504,0.16031855955678687,0.8530612244897964,0.860717264386988,176
6,25,0.05694444444444441,0.05152394775036284,0.13157894736842124,0.8639455782312933,0.9057547956630501,175
6,26,0.06913580246913581,0.03338171262699563,0.1215373961218833,0.8700680272108845,0.839866555462887,174
6,27,0.05200617283950615,0.0393686502177068,0.10734072022160657,0.8857142857142861,0.866555462885735,173
6,28,0.05941358024691357,0.03465166908563133,0.1000692520775619,0.8482993197278912,0.894078398665556,172
6,29,0.07885802469135805,0.04499274310595064,0.13123268698060953,0.8578231292517011,0.8281901584653859,171
6,30,0.07777777777777778,0.03846153846153849,0.16932132963988877,0.8823129251700679,0.8023352793995002,170
6,31,0.06095679012345678,0.03501451378809867,0.13157894736842124,0.8625850340136054,0.9599666388657191,169
6,32,0.05833333333333335,0.04136429608127723,0.14369806094182813,0.8632653061224493,0.8640533778148445,168
6,33,0.05864197530864196,0.040638606676342504,0.1416204986149583,0.8680272108843536,0.8790658882401985,167
6,34,0.0737654320987654,0.046625544267053676,0.13400277008310235,0.8476190476190482,0.8407005838198494,166
6,35,0.06373456790123455,0.04154571843251087,0.12465373961218829,0.851020408163266,0.8206839032527107,165
6,36,0.05478395061728397,0.0380986937590711,0.10734072022160657,0.8496598639455781,0.8473728106755587,164
6,37,0.05679012345679013,0.04263425253991293,0.14577562326869797,0.8557823129251703,0.845704753961634,163
6,38,0.0683641975308642,0.03465166908563133,0.11945983379501346,0.8795918367346944,0.8899082568807337,162
6,39,0.06867283950617281,0.046444121915820036,0.09868421052631593,0.8816326530612248,0.8732276897414515,161
6,40,0.07129629629629625,0.04263425253991293,0.13365650969529064,0.8598639455782315,0.8723936613844856,160
6,41,0.06311728395061728,0.0460812772133527,0.10526315789473673,0.8564625850340142,0.9282735613010829,159
6,42,0.061111111111111116,0.0380986937590711,0.11772853185595533,0.8680272108843536,0.8356964136780647,158
6,43,0.06388888888888883,0.045899854862119005,0.12084487534626032,0.8741496598639458,0.8874061718098396,157
6,44,0.07160493827160491,0.0408200290275762,0.1890581717451525,0.8775510204081636,0.8715596330275197,156
6,45,0.0595679012345679,0.03900580551523947,0.1575484764542936,0.8870748299319731,0.9099249374478688,155
6,46,0.06990740740740736,0.030660377358490587,0.14127423822714658,0.8469387755102042,0.8106755629691413,154
6,47,0.06651234567901237,0.0435413642960813,0.14854570637119124,0.8700680272108845,0.8782318598832362,153
6,48,0.058950617283950624,0.03900580551523947,0.10664819944598314,0.8360544217687078,0.8849040867389455,152
6,49,0.06033950617283951,0.0460812772133527,0.15200831024930705,0.8551020408163263,0.8798999165971608,151
6,50,0.06095679012345678,0.02630624092888245,0.13504155124653705,0.8571428571428572,0.845704753961634,150
6,51,0.0771604938271605,0.02866473149492016,0.13954293628808845,0.8496598639455781,0.890742285237696,149
6,52,0.06682098765432098,0.04263425253991293,0.11634349030470892,0.8530612244897964,0.8915763135946619,148
6,53,0.07592592592592595,0.0433599419448476,0.11738227146814362,0.8680272108843536,0.9416180150125086,147
6,54,0.06558641975308638,0.050435413642960836,0.12015235457063689,0.8632653061224493,0.8807339449541267,146
6,55,0.06743827160493826,0.034288824383163996,0.11876731301939047,0.8768707482993197,0.8999165971643031,145
6,56,0.07438271604938268,0.05279390420899854,0.13504155124653705,0.8591836734693881,0.9057547956630501,144
6,57,0.06944444444444442,0.03265602322206096,0.1149584487534625,0.8700680272108845,0.8540450375312751,143
6,58,0.06481481481481483,0.0475326560232221,0.14612188365650924,0.8816326530612248,0.7956630525437838,142
6,59,0.06651234567901237,0.04481132075471694,0.10630193905817187,0.8544217687074833,0.8323603002502082,141
6,60,0.06512345679012344,0.05152394775036284,0.1679362880886428,0.8523809523809529,0.8782318598832362,140
6,61,0.06851851851851853,0.04263425253991293,0.13988919667590016,0.8673469387755106,0.9165971643035853,139
6,62,0.07175925925925924,0.03211175616835993,0.14681440443213312,0.8755102040816327,0.8707256046705574,138
6,63,0.07206790123456791,0.041182873730043534,0.1364265927977839,0.8653061224489802,0.7931609674728897,137
6,64,0.06450617283950616,0.03501451378809867,0.11218836565096968,0.8829931972789118,0.8773978315262738,136
6,65,0.06481481481481483,0.03574020319303334,0.13815789473684204,0.8768707482993197,0.8323603002502082,135
6,66,0.0649691358024691,0.0460812772133527,0.09937673130193891,0.8625850340136054,0.845704753961634,134
6,67,0.06419753086419755,0.03610304789550073,0.1353878116343492,0.889795918367347,0.8498748957464528,133
6,68,0.06682098765432098,0.05424528301886794,0.12326869806094143,0.88843537414966,0.860717264386988,132
6,69,0.07608024691358023,0.045174165457184334,0.13815789473684204,0.8625850340136054,0.839866555462887,131
6,70,0.0654320987654321,0.04626269956458634,0.1326177285318555,0.8591836734693881,0.851542952460381,130
6,71,0.07114197530864197,0.0486211901306241,0.12119113573407159,0.8544217687074833,0.8732276897414515,129
6,72,0.07438271604938268,0.04807692307692307,0.11114958448753454,0.8598639455782315,0.8290241868223518,128
6,73,0.06342592592592594,0.05152394775036284,0.10837950138504171,0.841496598639456,0.8323603002502082,127
6,74,0.06682098765432098,0.04426705370101597,0.14058171745152315,0.8795918367346944,0.8015012510425343,126
6,75,0.07237654320987652,0.03755442670537007,0.14542936288088626,0.8455782312925173,0.860717264386988,125
6,76,0.06651234567901237,0.04825834542815677,0.10526315789473673,0.8639455782312933,0.8240200166805671,124
6,77,0.06820987654320981,0.04535558780841803,0.15512465373961204,0.8564625850340142,0.8915763135946619,123
6,78,0.0734567901234568,0.02793904208998549,0.14335180055401642,0.8768707482993197,0.851542952460381,122
6,79,0.057561728395061684,0.046625544267053676,0.11218836565096968,0.8612244897959185,0.8590492076730598,121
6,80,0.06944444444444442,0.03519593613933236,0.12084487534626032,0.8646258503401363,0.894078398665556,120
6,81,0.07916666666666666,0.028846153846153855,0.13815789473684204,0.8489795918367351,0.894078398665556,119
6,82,0.059259259259259234,0.03483309143686503,0.12257617728531844,0.8625850340136054,0.8707256046705574,118
6,83,0.06805555555555554,0.03973149492017414,0.10976454293628768,0.8734693877551023,0.8582151793160939,117
6,84,0.07222222222222224,0.03465166908563133,0.10526315789473673,0.8632653061224493,0.9032527105921595,116
6,85,0.06604938271604938,0.038280116110304796,0.11772853185595533,0.8877551020408165,0.8256880733944918,115
6,86,0.06049382716049384,0.04390420899854863,0.10076177285318577,0.8809523809523809,0.8807339449541267,114
6,87,0.0705246913580247,0.04390420899854863,0.13019390581717438,0.8489795918367351,0.8557130942451998,113
6,88,0.058950617283950624,0.0433599419448476,0.14681440443213312,0.8836734693877557,0.8723936613844856,112
6,89,0.07067901234567897,0.03755442670537007,0.12465373961218829,0.8700680272108845,0.8473728106755587,111
6,90,0.06666666666666665,0.03211175616835993,0.11772853185595533,0.8721088435374154,0.8899082568807337,110
6,91,0.058950617283950624,0.044629898403483304,0.12361495844875359,0.8639455782312933,0.9074228523769818,109
6,92,0.0700617283950617,0.04553701015965167,0.16585872576177252,0.8537414965986394,0.8273561301084236,108
6,93,0.06049382716049384,0.037917271407837405,0.09210526315789469,0.860544217687075,0.8423686405337776,107
6,94,0.06990740740740736,0.04227140783744554,0.12257617728531844,0.8714285714285714,0.8840700583819832,106
6,95,0.06033950617283951,0.036284470246734424,0.09418282548476409,0.8489795918367351,0.8356964136780647,105
6,96,0.0654320987654321,0.033018867924528295,0.12396121883656486,0.8469387755102042,0.8657214345287727,104
6,97,0.06759259259259254,0.04263425253991293,0.1329639889196672,0.842857142857143,0.839866555462887,103
6,98,0.0625,0.0368287373004354,0.13400277008310235,0.8829931972789118,0.8874061718098396,102
6,99,0.058950617283950624,0.044629898403483304,0.14404432132963985,0.8523809523809529,0.8882402001668019,101
6,100,0.06404320987654322,0.029571843251088525,0.14058171745152315,0.8666666666666671,0.8523769808173469,100
6,101,0.06481481481481483,0.03465166908563133,0.14335180055401642,0.8625850340136054,0.8657214345287727,99
6,102,0.06759259259259254,0.03174891146589259,0.11772853185595533,0.8333333333333335,0.8790658882401985,98
6,103,0.05833333333333335,0.04154571843251087,0.14023545706371188,0.8707482993197284,0.8198498748957448,97
6,104,0.06604938271604938,0.053338171262699574,0.16378116343490268,0.8755102040816327,0.8707256046705574,96
6,105,0.061111111111111116,0.0473512336719884,0.13227146814404422,0.8693877551020415,0.8373644703919929,95
6,106,0.06728395061728393,0.04426705370101597,0.14023545706371188,0.8673469387755106,0.8381984987489552,94
6,107,0.06126543209876539,0.05605950653120462,0.1800554016620497,0.8653061224489802,0.8131776480400319,93
6,108,0.06620370370370371,0.049346879535558774,0.16170360110803284,0.841496598639456,0.851542952460381,92
6,109,0.0737654320987654,0.053338171262699574,0.13400277008310235,0.8353741496598639,0.875729774812342,91
6,110,0.08117283950617282,0.04825834542815677,0.14854570637119124,0.8489795918367351,0.8256880733944918,90
6,111,0.0825617283950617,0.053519593613933214,0.15166204986149578,0.8741496598639458,0.8173477898248507,89
6,112,0.07499999999999996,0.054063860667634245,0.13573407202216048,0.8625850340136054,0.8448707256046717,88
6,113,0.07453703703703707,0.055515239477503586,0.15027700831024893,0.8625850340136054,0.8623853211009163,87
6,114,0.0859567901234568,0.05986937590711172,0.14646814404432096,0.8380952380952387,0.8565471226021693,86
6,115,0.08379629629629626,0.07238751814223515,0.17555401662049874,0.8537414965986394,0.8582151793160939,85
6,116,0.08811728395061724,0.05388243831640055,0.15131578947368407,0.8442176870748299,0.8507089241034187,84
6,117,0.09475308641975305,0.07275036284470249,0.14577562326869797,0.8306122448979596,0.8890742285237678,83
6,118,0.09984567901234565,0.06640058055152392,0.15893351800554,0.8353741496598639,0.839866555462887,82
6,119,0.10138888888888892,0.0908925979680697,0.16724376731301893,0.842857142857143,0.7798165137614674,81
6,120,0.09907407407407404,0.08490566037735847,0.1745152354570636,0.7714285714285718,0.8557130942451998,80
6,121,0.11774691358024691,0.06531204644412192,0.19736842105263142,0.7897959183673473,0.8623853211009163,79
6,122,0.10972222222222222,0.06658200290275762,0.18247922437673125,0.8394557823129256,0.839866555462887,78
6,123,0.11759259259259258,0.08472423802612478,0.14646814404432096,0.8299319727891157,0.8832360300250208,77
6,124,0.1253086419753086,0.07764876632801154,0.1565096952908589,0.804761904761905,0.7689741451209358,76
6,125,0.12314814814814817,0.09941944847605222,0.162049861495845,0.8231292517006805,0.8390325271059176,75
6,126,0.12422839506172834,0.09978229317851961,0.1575484764542936,0.8040816326530615,0.815679733110926,74
6,127,0.13364197530864197,0.10867198838896952,0.20013850415512424,0.8006802721088442,0.821517931609673,73
6,128,0.14382716049382716,0.11030478955007256,0.2063711911357342,0.7972789115646259,0.7864887406171803,72
6,129,0.14614197530864198,0.11211901306240929,0.21225761772853202,0.795238095238096,0.7939949958298591,71
6,130,0.1462962962962963,0.11774310595065307,0.18213296398891954,0.795238095238096,0.8081734778982472,70
6,131,0.15925925925925927,0.12318577648766327,0.2489612188365653,0.7795918367346939,0.767306088407004,69
6,132,0.15370370370370373,0.12010159651669089,0.24792243767313016,0.7986394557823133,0.8123436196830696,68
6,133,0.16033950617283949,0.1516690856313498,0.22091412742382266,0.7707482993197283,0.8356964136780647,67
6,134,0.17608024691358026,0.1605587808417997,0.23718836565096968,0.7639455782312927,0.7631359466221816,66
6,135,0.1669753086419753,0.1489477503628447,0.25865650969529064,0.7714285714285718,0.7789824854045015,65
6,136,0.17885802469135798,0.15892597968069666,0.2624653739612186,0.7632653061224492,0.7798165137614674,64
6,137,0.18688271604938267,0.17035558780841797,0.19702216066482015,0.7571428571428576,0.8548790658882375,63
6,138,0.18935185185185183,0.16908563134978227,0.25761772853185594,0.7394557823129251,0.7981651376146779,62
6,139,0.20879629629629626,0.1788824383164006,0.2783933518005539,0.7394557823129251,0.8648874061718104,61
6,140,0.21404320987654318,0.18632075471698112,0.24168975069252063,0.7251700680272108,0.791492910758965,60
6,141,0.21249999999999997,0.17670537010159654,0.2790858725761769,0.7448979591836737,0.7497914929107594,59
6,142,0.22623456790123453,0.18632075471698112,0.2932825484764541,0.7285714285714286,0.6830692243536269,58
6,143,0.24320987654320986,0.21298984034833096,0.31267313019390564,0.7204081632653065,0.7589658048373629,57
6,144,0.24753086419753084,0.22169811320754712,0.26904432132963985,0.685034013605442,0.7064220183486256,56
6,145,0.2516975308641975,0.226233671988389,0.31371191135734033,0.7136054421768714,0.7631359466221816,55
6,146,0.2555555555555555,0.23349056603773582,0.3012465373961217,0.6884353741496603,0.7297748123436172,54
6,147,0.24845679012345673,0.25761973875181426,0.3337950138504153,0.6748299319727895,0.7773144286905769,53
6,148,0.2762345679012345,0.2498185776487663,0.3237534626038783,0.6979591836734693,0.7030859049207656,52
6,149,0.2882716049382716,0.2663280116110304,0.35076177285318577,0.666666666666667,0.737281067556296,51
6,150,0.3121913580246913,0.26886792452830194,0.35145429362880876,0.6619047619047622,0.737281067556296,50
6,151,0.3021604938271604,0.2737663280116111,0.33137119113573377,0.6353741496598642,0.6697247706422012,49
6,152,0.3151234567901234,0.29789550072568943,0.3763850415512464,0.6306122448979599,0.6555462885738095,48
6,153,0.333641975308642,0.3027939042089985,0.3763850415512464,0.6278911564625851,0.7105921601334444,47
6,154,0.328858024691358,0.3071480406386066,0.4245152354570636,0.628571428571429,0.6396997497914931,46
6,155,0.34768518518518515,0.3107764876632801,0.3704986149584486,0.6258503401360547,0.6955796497080904,45
6,156,0.35354938271604924,0.32148040638606673,0.3878116343490303,0.6054421768707483,0.6321934945788144,44
6,157,0.3595679012345679,0.3483309143686502,0.4220914127423825,0.6061224489795922,0.6730608840700576,43
6,158,0.38132716049382714,0.3419811320754717,0.4286703601108033,0.5850340136054424,0.6505421184320248,42
6,159,0.3895061728395061,0.352866473149492,0.41135734072022156,0.581632653061225,0.6213511259382791,41
6,160,0.38672839506172846,0.3701015965166908,0.4612188365650969,0.6040816326530614,0.607172643869891,40
6,161,0.4061728395061727,0.36919448476052247,0.4584487534626036,0.5625850340136056,0.5846538782318582,39
6,162,0.41990740740740745,0.37409288824383163,0.4816481994459836,0.5394557823129253,0.6030025020850722,38
6,163,0.4237654320987653,0.39568214804063856,0.47160664819944564,0.5394557823129253,0.6113427856547133,37
6,164,0.4532407407407408,0.41672714078374457,0.5041551246537392,0.5489795918367353,0.6063386155129287,36
6,165,0.45601851851851855,0.43033381712627,0.5173130193905817,0.527210884353742,0.5296080066722233,35
6,166,0.4631172839506173,0.4328737300435413,0.5235457063711908,0.5074829931972795,0.6080066722268533,34
6,167,0.48873456790123454,0.45573294629898403,0.5422437673130194,0.4829931972789119,0.577147623019183,33
6,168,0.48935185185185187,0.4472060957910014,0.5280470914127422,0.5040816326530613,0.5671392827356101,32
6,169,0.5183641975308642,0.4729680696661828,0.5872576177285316,0.4775510204081632,0.5437864887406185,31
6,170,0.5108024691358024,0.49238026124818585,0.5484764542936285,0.4544217687074834,0.5763135946622171,30
6,171,0.538888888888889,0.5052612481857766,0.5630193905817173,0.4510204081632656,0.5221017514595481,29
6,172,0.5498456790123456,0.5212264150943395,0.587950138504155,0.4673469387755107,0.5446205170975809,28
6,173,0.5569444444444445,0.529208998548621,0.6236149584487531,0.45578231292517035,0.5446205170975809,27
6,174,0.5722222222222222,0.5350145137880986,0.6170360110803323,0.43945578231292526,0.5095913261050846,26
6,175,0.5887345679012346,0.5504354136429608,0.6142659279778391,0.40204081632653077,0.4895746455379495,25
6,176,0.6104938271604938,0.5620464441219157,0.6336565096952911,0.3802721088435379,0.49874895746455294,24
6,177,0.6223765432098765,0.5894412191582004,0.6495844875346259,0.38707482993197306,0.4595496246872379,23
6,178,0.6316358024691358,0.5939767779390421,0.6606648199445977,0.3687074829931971,0.46955796497080726,22
6,179,0.6410493827160493,0.6041364296081277,0.7025623268698058,0.39115646258503434,0.40366972477064067,21
6,180,0.6498456790123457,0.613388969521045,0.6852493074792241,0.3530612244897964,0.45287739783152503,20
6,181,0.6736111111111112,0.6387880986937591,0.6887119113573403,0.3244897959183679,0.4220183486238511,19
6,182,0.6777777777777776,0.6413280116110305,0.6956371191135733,0.32517006802721093,0.41951626355296057,18
6,183,0.7066358024691357,0.6513062409288823,0.7036011080332409,0.31020408163265367,0.30775646371976606,17
6,184,0.7259259259259259,0.666545718432511,0.7583102493074789,0.27551020408163307,0.42452043369474524,16
6,185,0.753858024691358,0.678701015965167,0.7704293628808858,0.24897959183673457,0.39282735613010544,15
6,186,0.7486111111111111,0.7117198838896952,0.7572714681440442,0.27006802721088485,0.3185988323603013,14
6,187,0.7734567901234568,0.7233309143686502,0.763850415512465,0.2673469387755101,0.3527939949958281,13
6,188,0.7938271604938272,0.7510885341074021,0.7894736842105261,0.22993197278911603,0.34778982485404697,12
6,189,0.8078703703703705,0.7614296081277214,0.821675900277008,0.21428571428571486,0.3302752293577953,11
6,190,0.8231481481481482,0.7744920174165457,0.8272160664819941,0.19455782312925196,0.3010842368640496,10
6,191,0.8231481481481482,0.7855587808417996,0.875692520775623,0.18503401360544247,0.3311092577147612,9
6,192,0.8334876543209877,0.8116835994194485,0.8628808864265922,0.1659863945578235,0.30191826522101906,8
6,193,0.8628086419753087,0.8089622641509435,0.8975069252077557,0.16054421768707527,0.2727272727272734,7
6,194,0.8771604938271604,0.8307329462989839,0.9016620498614958,0.16394557823129263,0.27773144286905804,6
6,195,0.8921296296296295,0.8601233671988391,0.9130886426592797,0.13877551020408196,0.2785654712260204,5
6,196,0.8999999999999999,0.8797169811320755,0.9134349030470914,0.09183673469387799,0.2393661384487089,4
6,197,0.9387345679012347,0.8813497822931786,0.9594875346260388,0.10612244897959222,0.2343619683069207,3
6,198,0.9489197530864197,0.903846153846154,0.9819944598337944,0.0591836734693878,0.2552126772310217,2
6,199,0.9714506172839505,0.9281567489114659,0.9518698060941828,0.06122448979591821,0.22685571309424546,1
6,200,0.9827160493827161,0.9504716981132075,1.0,0.038095238095238404,0.22185154295245724,0
7,1,0.06898148148148148,0.051342525399129146,0.053670360110803284,0.8836734693877557,0.7764804003336074,199
7,2,0.07561728395061723,0.07148040638606673,0.05782548476454252,0.8578231292517011,0.7581317764804005,198
7,3,0.07561728395061723,0.055515239477503586,0.07409972299168954,0.8693877551020415,0.8306922435362765,197
7,4,0.06990740740740736,0.050616835994194476,0.05193905817174471,0.8598639455782315,0.869891576313595,196
7,5,0.07021604938271608,0.06059506531204645,0.0495152354570636,0.8619047619047624,0.7956630525437838,195
7,6,0.0776234567901235,0.05224963715529757,0.04362880886426579,0.8782312925170075,0.8198498748957448,194
7,7,0.08101851851851849,0.058599419448476076,0.0699445983379503,0.8863945578231296,0.7648040033361134,193
7,8,0.0649691358024691,0.04807692307692307,0.035664819944598136,0.8870748299319731,0.8131776480400319,192
7,9,0.07129629629629625,0.037191582002902734,0.09418282548476409,0.8639455782312933,0.8715596330275197,191
7,10,0.06188271604938267,0.0500725689404935,0.020775623268697974,0.8816326530612248,0.7664720600500416,190
7,11,0.06419753086419755,0.0460812772133527,0.07236842105263142,0.8863945578231296,0.8640533778148445,189
7,12,0.06666666666666665,0.057510885341074014,0.036357340720221565,0.8721088435374154,0.785654712260218,188
7,13,0.0737654320987654,0.06331640058055155,0.07583102493074811,0.8646258503401363,0.836530442035027,187
7,14,0.0705246913580247,0.05370101596516691,0.046398891966758615,0.8687074829931976,0.8615512927439539,186
7,15,0.07283950617283952,0.05732946298984032,0.05436288088642671,0.9095238095238094,0.8465387823185964,185
7,16,0.06635802469135799,0.054063860667634245,0.0550554016620497,0.8782312925170075,0.7798165137614674,184
7,17,0.07361111111111107,0.06658200290275762,0.03601108033240985,0.8612244897959185,0.7873227689741427,183
7,18,0.06820987654320981,0.07057329462989842,0.07617728531855938,0.8891156462585039,0.7948290241868214,182
7,19,0.06913580246913581,0.04553701015965167,0.07236842105263142,0.8829931972789118,0.8465387823185964,181
7,20,0.06959876543209881,0.05497097242380261,0.06163434903047049,0.88843537414966,0.7539616346955782,180
7,21,0.07546296296296295,0.05587808417997098,0.040512465373960804,0.8482993197278912,0.7989991659716438,179
7,22,0.07978395061728394,0.06821480406386066,0.06475069252077548,0.9034013605442182,0.8023352793995002,178
7,23,0.0766975308641975,0.05279390420899854,0.049861495844875314,0.8673469387755106,0.7347789824854019,177
7,24,0.07885802469135805,0.051342525399129146,0.045013850415512646,0.860544217687075,0.7964970809007497,176
7,25,0.0817901234567901,0.0711175616835994,0.03012465373961204,0.8714285714285714,0.7689741451209358,175
7,26,0.07700617283950617,0.05805515239477499,0.04778393351800547,0.8775510204081636,0.7873227689741427,174
7,27,0.08086419753086421,0.06005079825834542,0.07029085872576157,0.8401360544217691,0.8015012510425343,173
7,28,0.08379629629629626,0.06567489114658925,0.026662049861495785,0.8721088435374154,0.7631359466221816,172
7,29,0.08148148148148149,0.057692307692307654,0.045360110803323916,0.8768707482993197,0.7164303586321914,171
7,30,0.06419753086419755,0.05624092888243831,0.07340720221606611,0.8496598639455781,0.7906588824020027,170
7,31,0.0771604938271605,0.04553701015965167,0.06267313019390564,0.8775510204081636,0.860717264386988,169
7,32,0.06944444444444442,0.054789550072568916,0.07340720221606611,0.8585034013605446,0.7956630525437838,168
7,33,0.06805555555555554,0.05497097242380261,0.07340720221606611,0.8836734693877557,0.7781484570475392,167
7,34,0.07175925925925924,0.06676342525399126,0.044321329639888773,0.8782312925170075,0.797331109257712,166
7,35,0.0705246913580247,0.04408563134978227,0.08310249307479234,0.8659863945578232,0.8373644703919929,165
7,36,0.06697530864197526,0.05152394775036284,0.07963988919667608,0.889795918367347,0.8106755629691413,164
7,37,0.07561728395061723,0.05388243831640055,0.058518005540166396,0.8673469387755106,0.8331943286071706,163
7,38,0.06666666666666665,0.06676342525399126,0.05332409972299157,0.8768707482993197,0.8290241868223518,162
7,39,0.07098765432098764,0.05388243831640055,0.05817174515235468,0.88843537414966,0.7814845704753957,161
7,40,0.0700617283950617,0.05605950653120462,0.07375346260387827,0.8748299319727897,0.8640533778148445,160
7,41,0.06990740740740736,0.05424528301886794,0.05574792243767268,0.8585034013605446,0.7689741451209358,159
7,42,0.06759259259259254,0.06422351233671986,0.05817174515235468,0.8700680272108845,0.8440366972477058,158
7,43,0.08040123456790121,0.06513062409288822,0.0439750692520775,0.8693877551020415,0.8640533778148445,157
7,44,0.07237654320987652,0.054063860667634245,0.07132963988919627,0.889795918367347,0.7839866555462862,156
7,45,0.07222222222222224,0.06277213352685052,0.03878116343490268,0.8768707482993197,0.7664720600500416,155
7,46,0.06481481481481483,0.05188679245283018,0.06717451523545703,0.8721088435374154,0.7814845704753957,154
7,47,0.07114197530864197,0.04771407837445574,0.06613573407202233,0.8918367346938778,0.8006672226855684,153
7,48,0.06959876543209881,0.058780841799709715,0.023545706371191244,0.8836734693877557,0.906588824020016,152
7,49,0.0700617283950617,0.05515239477503625,0.07167590027700843,0.898639455782313,0.8356964136780647,151
7,50,0.057561728395061684,0.06005079825834542,0.10318559556786688,0.8850340136054426,0.7648040033361134,150
7,51,0.07268518518518519,0.046625544267053676,0.07998614958448735,0.8632653061224493,0.8056713928273531,149
7,52,0.06558641975308638,0.05206821480406387,0.08448753462603875,0.8775510204081636,0.7848206839032486,148
7,53,0.06373456790123455,0.042452830188679236,0.03704986149584499,0.8782312925170075,0.8356964136780647,147
7,54,0.06743827160493826,0.06748911465892599,0.046398891966758615,0.8734693877551023,0.767306088407004,146
7,55,0.07700617283950617,0.07129898403483309,0.028393351800553912,0.8714285714285714,0.845704753961634,145
7,56,0.06188271604938267,0.06005079825834542,0.07998614958448735,0.8775510204081636,0.821517931609673,144
7,57,0.0817901234567901,0.07021044992743108,0.05782548476454252,0.8693877551020415,0.7723102585487887,143
7,58,0.07685185185185184,0.0460812772133527,0.05436288088642671,0.8775510204081636,0.7864887406171803,142
7,59,0.07253086419753085,0.07456458635703922,0.056786703601107824,0.8707482993197284,0.8373644703919929,141
7,60,0.07237654320987652,0.06640058055152392,0.06163434903047049,0.8727891156462588,0.7439532944120089,140
7,61,0.06080246913580245,0.04263425253991293,0.06544321329639846,0.8578231292517011,0.8448707256046717,139
7,62,0.07098765432098764,0.05424528301886794,0.0439750692520775,0.8850340136054426,0.7764804003336074,138
7,63,0.06481481481481483,0.06458635703918719,0.06475069252077548,0.8734693877551023,0.8248540450375295,137
7,64,0.07098765432098764,0.058780841799709715,0.04466759002770093,0.9047619047619051,0.7839866555462862,136
7,65,0.08040123456790121,0.054608127721335276,0.07271468144044313,0.8863945578231296,0.8415346121768117,135
7,66,0.06574074074074071,0.06386066763425252,0.09072022160664783,0.8727891156462588,0.8048373644703908,134
7,67,0.06759259259259254,0.053519593613933214,0.08829639889196672,0.8625850340136054,0.7723102585487887,133
7,68,0.08086419753086421,0.06059506531204645,0.09556786703601095,0.8700680272108845,0.8073394495412849,132
7,69,0.06682098765432098,0.05696661828737298,0.028047091412742198,0.8857142857142861,0.8140116763969942,131
7,70,0.0705246913580247,0.05315674891146588,0.043282548476454075,0.8863945578231296,0.7639699749791475,130
7,71,0.07407407407407407,0.0711175616835994,0.08448753462603875,0.8557823129251703,0.785654712260218,129
7,72,0.0734567901234568,0.055515239477503586,0.03462603878116344,0.8816326530612248,0.8031693077564626,128
7,73,0.08271604938271604,0.05424528301886794,0.07894736842105221,0.8591836734693881,0.7689741451209358,127
7,74,0.07530864197530862,0.06386066763425252,0.042243767313019376,0.8768707482993197,0.7572977481234346,126
7,75,0.06975308641975309,0.06204644412191579,0.05124653739612173,0.8727891156462588,0.7656380316930758,125
7,76,0.06682098765432098,0.06875907111756169,0.059903047091412365,0.8625850340136054,0.7931609674728897,124
7,77,0.06095679012345678,0.0486211901306241,0.08240997229916891,0.8741496598639458,0.866555462885735,123
7,78,0.07021604938271608,0.05569666182873728,0.0699445983379503,0.8401360544217691,0.8098415346121755,122
7,79,0.0705246913580247,0.06676342525399126,0.0754847645429364,0.8612244897959185,0.8448707256046717,121
7,80,0.06929012345679009,0.04952830188679247,0.062326869806094365,0.8734693877551023,0.8548790658882375,120
7,81,0.0729938271604938,0.057510885341074014,0.07444598337950126,0.8911564625850348,0.8298582151793141,119
7,82,0.07962962962962966,0.06041364296081275,0.06163434903047049,0.8931972789115648,0.8006672226855684,118
7,83,0.07114197530864197,0.06857764876632799,0.08691135734071986,0.8761904761904766,0.7881567973311085,117
7,84,0.07993827160493827,0.06186502177068215,0.06405817174515249,0.8721088435374154,0.8148457047539601,116
7,85,0.07067901234567897,0.051161103047895506,0.06094182825484751,0.8802721088435379,0.7906588824020027,115
7,86,0.0763888888888889,0.06531204644412192,0.0754847645429364,0.8727891156462588,0.8281901584653859,114
7,87,0.07129629629629625,0.04698838896952101,0.07029085872576157,0.8782312925170075,0.8899082568807337,113
7,88,0.07993827160493827,0.06113933236574748,0.06301939058171735,0.8789115646258505,0.7698081734778981,112
7,89,0.06018518518518512,0.049709724238026165,0.05782548476454252,0.8476190476190482,0.7848206839032486,111
7,90,0.06929012345679009,0.054426705370101636,0.04743767313019376,0.8714285714285714,0.860717264386988,110
7,91,0.07499999999999996,0.05188679245283018,0.05747922437673125,0.8761904761904766,0.7781484570475392,109
7,92,0.06604938271604938,0.06331640058055155,0.05159279778393344,0.8612244897959185,0.8023352793995002,108
7,93,0.07160493827160491,0.041727140783744565,0.05817174515235468,0.88843537414966,0.8181818181818166,107
7,94,0.08456790123456792,0.06513062409288822,0.08379501385041532,0.9142857142857146,0.8290241868223518,106
7,95,0.07191358024691352,0.06313497822931785,0.049168975069251886,0.8775510204081636,0.7814845704753957,105
7,96,0.07330246913580246,0.051342525399129146,0.046745152354570774,0.8823129251700679,0.7989991659716438,104
7,97,0.058950617283950624,0.04535558780841803,0.03878116343490268,0.8646258503401363,0.8173477898248507,103
7,98,0.07222222222222224,0.06367924528301888,0.07167590027700843,0.8911564625850348,0.8240200166805671,102
7,99,0.07222222222222224,0.06404208998548622,0.07479224376731297,0.8816326530612248,0.845704753961634,101
7,100,0.05632716049382713,0.05388243831640055,0.05332409972299157,0.8918367346938778,0.8557130942451998,100
7,101,0.062037037037037,0.06640058055152392,0.03843490304709141,0.860544217687075,0.7956630525437838,99
7,102,0.06929012345679009,0.04499274310595064,0.07029085872576157,0.8850340136054426,0.8381984987489552,98
7,103,0.06898148148148148,0.05660377358490565,0.058864265927977666,0.898639455782313,0.7080900750625503,97
7,104,0.06651234567901237,0.057510885341074014,0.04120498614958423,0.8714285714285714,0.7981651376146779,96
7,105,0.06913580246913581,0.058780841799709715,0.07167590027700843,0.8714285714285714,0.7864887406171803,95
7,106,0.07314814814814813,0.05914368650217705,0.03185595567867017,0.8795918367346944,0.785654712260218,94
7,107,0.08317901234567898,0.06476777939042089,0.08310249307479234,0.8585034013605446,0.7873227689741427,93
7,108,0.06913580246913581,0.05678519593613934,0.08587257617728516,0.8911564625850348,0.7606338615512946,92
7,109,0.07561728395061723,0.06277213352685052,0.07583102493074811,0.8455782312925173,0.7447873227689747,91
7,110,0.08317901234567898,0.05097968069666181,0.05955678670360065,0.8707482993197284,0.8106755629691413,90
7,111,0.08117283950617282,0.06440493468795355,0.08379501385041532,0.8700680272108845,0.7739783152627169,89
7,112,0.08441358024691353,0.07184325108853412,0.10110803324099704,0.8755102040816327,0.8340283569641365,88
7,113,0.08271604938271604,0.06748911465892599,0.06925207756232643,0.860544217687075,0.7581317764804005,87
7,114,0.09675925925925921,0.080188679245283,0.07029085872576157,0.8693877551020415,0.797331109257712,86
7,115,0.09614197530864194,0.06658200290275762,0.07583102493074811,0.8571428571428572,0.8090075062552096,85
7,116,0.09074074074074073,0.06113933236574748,0.062326869806094365,0.8544217687074833,0.7881567973311085,84
7,117,0.10802469135802467,0.08653846153846156,0.08518005540166218,0.8523809523809529,0.8206839032527107,83
7,118,0.09722222222222221,0.0843613933236575,0.06786703601108046,0.8693877551020415,0.7948290241868214,82
7,119,0.09999999999999998,0.08798984034833096,0.09868421052631593,0.8435374149659869,0.761467889908257,81
7,120,0.10385802469135802,0.0947024673439768,0.08725761772853202,0.8374149659863948,0.7322768974145113,80
7,121,0.11219135802469132,0.0947024673439768,0.09141274238227126,0.842857142857143,0.7989991659716438,79
7,122,0.12006172839506174,0.103955007256894,0.09660664819944609,0.8292517006802727,0.7364470391993336,78
7,123,0.1162037037037037,0.10413642960812775,0.09106648199445999,0.8346938775510209,0.7356130108423677,77
7,124,0.11388888888888887,0.11411465892597966,0.10041551246537361,0.8176870748299323,0.7281067556296925,76
7,125,0.13132716049382714,0.12264150943396224,0.10595567867035971,0.8224489795918366,0.797331109257712,75
7,126,0.12222222222222218,0.13153120464441215,0.159626038781163,0.7843537414965991,0.7547956630525405,74
7,127,0.13395061728395058,0.12028301886792453,0.11461218836565079,0.8278911564625848,0.7506255212677218,73
7,128,0.13780864197530862,0.1259071117561683,0.1353878116343492,0.7965986394557829,0.6964136780650527,72
7,129,0.1611111111111111,0.1277213352685051,0.12915512465373924,0.8020408163265311,0.7656380316930758,71
7,130,0.1651234567901234,0.14187227866473145,0.11045706371191155,0.7843537414965991,0.7297748123436172,70
7,131,0.158179012345679,0.13062409288824384,0.15616343490304674,0.7829931972789117,0.7889908256880709,69
7,132,0.17685185185185182,0.14713352685050796,0.15512465373961204,0.7761904761904765,0.7556296914095064,68
7,133,0.16867283950617284,0.14695210449927426,0.14785318559556782,0.7809523809523808,0.7197664720600478,67
7,134,0.1837962962962963,0.1551161103047895,0.18871191135734033,0.7639455782312927,0.7798165137614674,66
7,135,0.17808641975308642,0.1670899854862119,0.15616343490304674,0.7714285714285718,0.7481234361968312,65
7,136,0.2001543209876543,0.18214804063860662,0.16378116343490268,0.7727891156462587,0.6905754795663057,64
7,137,0.19151234567901237,0.17180696661828737,0.1696675900277005,0.7680272108843544,0.6480400333611342,63
7,138,0.20432098765432094,0.19793178519593613,0.20325484764542923,0.750340136054422,0.6605504587155977,62
7,139,0.21450617283950613,0.17724963715529757,0.20948753462603875,0.7496598639455785,0.7631359466221816,61
7,140,0.20833333333333337,0.2077285921625544,0.1956371191135733,0.7414965986394559,0.6505421184320248,60
7,141,0.2302469135802469,0.21335268505079824,0.2351108033240994,0.7530612244897963,0.6713928273561294,59
7,142,0.22793209876543208,0.20609579100145137,0.23684210526315752,0.7217687074829935,0.7347789824854019,58
7,143,0.2453703703703703,0.22605224963715526,0.213642659279778,0.7346938775510208,0.6797331109257705,57
7,144,0.2478395061728395,0.2367561683599419,0.22368421052631593,0.7074829931972793,0.6939115929941622,56
7,145,0.2580246913580247,0.24328737300435416,0.22610803324099704,0.694557823129252,0.7264386989157607,55
7,146,0.27638888888888885,0.2543541364296081,0.2351108033240994,0.6993197278911572,0.7080900750625503,54
7,147,0.2731481481481482,0.2518142235123368,0.2825484764542936,0.6952380952380954,0.7147623019182667,53
7,148,0.2756172839506173,0.2686865021770682,0.2939750692520775,0.6884353741496603,0.6405337781484555,52
7,149,0.2859567901234567,0.2817489114658926,0.25311634349030454,0.6789115646258508,0.6021684737281063,51
7,150,0.31203703703703695,0.29118287373004353,0.27458448753462594,0.6564625850340136,0.6880733944954116,50
7,151,0.3094135802469135,0.2839259796806966,0.25346260387811625,0.6551020408163266,0.5813177648040053,49
7,152,0.31743827160493826,0.3066037735849056,0.28635734072022156,0.6605442176870753,0.5988323603002499,48
7,153,0.3313271604938271,0.3247460087082728,0.29570637119113563,0.6523809523809523,0.5638031693077536,47
7,154,0.3503086419753086,0.3171262699564586,0.3292936288088639,0.6367346938775511,0.6288573811509579,46
7,155,0.35509259259259257,0.32710449927431057,0.33968144044321313,0.6190476190476195,0.6271893244370297,45
7,156,0.35879629629629634,0.34306966618287366,0.3223684210526314,0.6210884353741499,0.5579649708090066,44
7,157,0.3733024691358024,0.35105224963715526,0.3306786703601108,0.6102040816326535,0.5913261050875711,43
7,158,0.3785493827160494,0.36030478955007256,0.3324099722991689,0.6340136054421772,0.6138448707256003,42
7,159,0.39490740740740743,0.3802612481857765,0.3258310249307481,0.5571428571428574,0.5579649708090066,41
7,160,0.395679012345679,0.38080551523947753,0.3739612188365653,0.5952380952380953,0.5254378648874045,40
7,161,0.41790123456790124,0.3936865021770682,0.3867728531855952,0.5653061224489799,0.6013344453711404,39
7,162,0.42623456790123454,0.4176342525399129,0.37777008310249327,0.5727891156462586,0.5446205170975809,38
7,163,0.43641975308641984,0.4207184325108853,0.3971606648199444,0.5163265306122455,0.4361968306922428,37
7,164,0.45802469135802465,0.43650217706821476,0.445983379501385,0.5414965986394562,0.4870725604670554,36
7,165,0.45941358024691364,0.43940493468795355,0.4072022160664819,0.5537414965986396,0.5963302752293558,35
7,166,0.47716049382716047,0.4510159651669085,0.4134349030470914,0.5421768707482992,0.5154295246038352,34
7,167,0.4847222222222222,0.4666182873730043,0.43732686980609436,0.5122448979591838,0.4553794829024156,33
7,168,0.50570987654321,0.47478229317851955,0.4792243767313016,0.49591836734693917,0.49040867389491183,32
7,169,0.5041666666666667,0.4934687953555877,0.4556786703601108,0.480952380952381,0.48540450375312716,31
7,170,0.5253086419753086,0.4880261248185777,0.47887811634348987,0.48707482993197315,0.4637197664720567,30
7,171,0.5362654320987654,0.5145137880986939,0.49307479224376705,0.4510204081632656,0.4662218515429508,29
7,172,0.5569444444444445,0.5186865021770681,0.5010387811634347,0.43469387755102096,0.48874061718098005,28
7,173,0.5637345679012344,0.533200290275762,0.5218144044321327,0.425170068027211,0.41367806505421,27
7,174,0.5688271604938271,0.5449927431059507,0.5564404432132961,0.4197278911564628,0.4537114261884909,26
7,175,0.5865740740740741,0.5718432510885341,0.5280470914127422,0.41768707482993195,0.4295246038365299,25
7,176,0.6200617283950616,0.5845428156748911,0.5484764542936285,0.4142857142857146,0.4895746455379495,24
7,177,0.609722222222222,0.5878084179970973,0.56786703601108,0.38639455782312915,0.3969974979149278,23
7,178,0.6260802469135802,0.6181059506531204,0.5609418282548475,0.3768707482993201,0.432026688907424,22
7,179,0.648611111111111,0.6150217706821481,0.575484764542936,0.3639455782312928,0.3619683069224351,21
7,180,0.6646604938271603,0.6264513788098693,0.6267313019390581,0.3557823129251698,0.3828190158465361,20
7,181,0.6871913580246913,0.6480406386066764,0.6142659279778391,0.3333333333333335,0.359466221851541,19
7,182,0.6929012345679013,0.6598330914368651,0.6059556786703597,0.3197278911564627,0.36697247706421976,18
7,183,0.7095679012345679,0.6895863570391871,0.689058171745152,0.3244897959183679,0.38949124270225255,17
7,184,0.7290123456790123,0.708454281567489,0.7015235457063711,0.31360544217687103,0.3561301084236881,16
7,185,0.7385802469135803,0.7111756168359942,0.6783240997229916,0.2952380952380955,0.29691409507923083,15
7,186,0.7544753086419753,0.7099056603773586,0.7288781163434903,0.26938775510204094,0.3252710592160106,14
7,187,0.7807098765432099,0.7447387518142237,0.7389196675900274,0.24149659863945638,0.3786488740617173,13
7,188,0.7945987654320987,0.7599782293178519,0.753808864265928,0.2285714285714291,0.2768974145120957,12
7,189,0.8132716049382716,0.7610667634252541,0.7541551246537392,0.2367346938775512,0.3402835696413682,11
7,190,0.8111111111111111,0.8024310595065312,0.7503462603878113,0.2088435374149662,0.22185154295245724,10
7,191,0.8308641975308644,0.8100507982583454,0.7562326869806091,0.21020408163265314,0.22852376980817368,9
7,192,0.8470679012345679,0.8200290275761974,0.7974376731301933,0.18163265306122467,0.2393661384487089,8
7,193,0.875925925925926,0.8485123367198839,0.8019390581717452,0.15646258503401356,0.22852376980817368,7
7,194,0.8919753086419753,0.8468795355587808,0.8081717451523542,0.14557823129251712,0.20683903252710678,6
7,195,0.9018518518518519,0.8797169811320755,0.8123268698060939,0.1183673469387756,0.19015846538782455,5
7,196,0.9231481481481483,0.8815312046444121,0.8459141274238227,0.1183673469387756,0.175145954962467,4
7,197,0.9430555555555555,0.9047532656023223,0.8988919667590025,0.1149659863945578,0.14845704753961542,3
7,198,0.9606481481481481,0.9281567489114659,0.9110110803324094,0.08435374149659891,0.18849040867389277,2
7,199,0.9787037037037039,0.9559143686502176,0.9293628808864263,0.0789115646258507,0.14095079232693664,1
7,200,1.0,0.9617198838896952,0.9536011080332409,0.06122448979591821,0.12260216847372973,0
8,1,0.04243827160493824,0.049346879535558774,0.14196675900277,0.8061224489795924,0.9357798165137616,199
8,2,0.047685185185185164,0.049346879535558774,0.1319252077562325,0.8448979591836738,0.8773978315262738,198
8,3,0.05648148148148152,0.05206821480406387,0.15235457063711877,0.8421768707482999,0.9341117597998299,197
8,4,0.05601851851851852,0.03519593613933236,0.16724376731301893,0.8272108843537418,0.91826522101751,196
8,5,0.050617283950617264,0.05605950653120462,0.11011080332409984,0.8435374149659869,0.8598832360300221,195
8,6,0.06018518518518512,0.05152394775036284,0.13815789473684204,0.8054421768707485,0.8657214345287727,194
8,7,0.05293209876543209,0.0500725689404935,0.1385041551246533,0.8299319727891157,0.869891576313595,193
8,8,0.05771604938271607,0.03174891146589259,0.13227146814404422,0.8306122448979596,0.8381984987489552,192
8,9,0.05246913580246915,0.05732946298984032,0.13988919667590016,0.8333333333333335,0.897414512093409,191
8,10,0.05570987654320986,0.04771407837445574,0.10976454293628768,0.8265306122448979,0.8965804837364466,190
8,11,0.050154320987654266,0.0408200290275762,0.09279778393351812,0.8462585034013608,0.8498748957464528,189
8,12,0.05246913580246915,0.05732946298984032,0.09937673130193891,0.8346938775510209,0.8623853211009163,188
8,13,0.05277777777777781,0.05732946298984032,0.0990304709141272,0.842857142857143,0.9032527105921595,187
8,14,0.04922839506172838,0.0473512336719884,0.12915512465373924,0.8401360544217691,0.8882402001668019,186
8,15,0.053858024691357975,0.041182873730043534,0.13919667590027718,0.851020408163266,0.8748957464553797,185
8,16,0.04120370370370369,0.0475326560232221,0.12534626038781127,0.8197278911564627,0.8565471226021693,184
8,17,0.041666666666666685,0.05279390420899854,0.12465373961218829,0.8129251700680276,0.8798999165971608,183
8,18,0.04999999999999999,0.05206821480406387,0.11530470914127378,0.8244897959183675,0.8423686405337776,182
8,19,0.04706790123456789,0.04843976777939041,0.12465373961218829,0.83265306122449,0.8540450375312751,181
8,20,0.04814814814814811,0.06658200290275762,0.10872576177285298,0.8272108843537418,0.9783152627189331,180
8,21,0.05293209876543209,0.038280116110304796,0.1364265927977839,0.8224489795918366,0.8990825688073372,179
8,22,0.0490740740740741,0.045174165457184334,0.1499307479224372,0.842857142857143,0.9007506255212654,178
8,23,0.05308641975308642,0.045174165457184334,0.1326177285318555,0.851700680272109,0.8732276897414515,177
8,24,0.06157407407407406,0.054608127721335276,0.12569252077562343,0.8387755102040817,0.8732276897414515,176
8,25,0.04259259259259257,0.04771407837445574,0.12569252077562343,0.8292517006802727,0.8798999165971608,175
8,26,0.05046296296296299,0.054063860667634245,0.13331024930747937,0.8374149659863948,0.8231859883236048,174
8,27,0.061419753086419726,0.0473512336719884,0.1204986149584486,0.8306122448979596,0.8523769808173469,173
8,28,0.05987654320987651,0.05841799709724238,0.1295013850415514,0.834013605442177,0.8890742285237678,172
8,29,0.0507716049382716,0.04698838896952101,0.12777008310249327,0.8292517006802727,0.8765638031693044,171
8,30,0.05169753086419754,0.05279390420899854,0.11114958448753454,0.8448979591836738,0.8381984987489552,170
8,31,0.046913580246913555,0.04444847605224961,0.1035318559556786,0.8489795918367351,0.836530442035027,169
8,32,0.04614197530864195,0.057510885341074014,0.11218836565096968,0.83265306122449,0.8348623853210988,168
8,33,0.055555555555555525,0.054426705370101636,0.13469529085872534,0.8421768707482999,0.8707256046705574,167
8,34,0.04722222222222222,0.042452830188679236,0.14439058171745112,0.8455782312925173,0.845704753961634,166
8,35,0.050617283950617264,0.04626269956458634,0.1024930747922439,0.8374149659863948,0.8548790658882375,165
8,36,0.0444444444444444,0.03755442670537007,0.09487534626038796,0.8299319727891157,0.8657214345287727,164
8,37,0.044907407407407396,0.05315674891146588,0.12084487534626032,0.842857142857143,0.8623853211009163,163
8,38,0.04552469135802467,0.04916545718432508,0.1000692520775619,0.8421768707482999,0.8373644703919929,162
8,39,0.05601851851851852,0.045899854862119005,0.14023545706371188,0.8197278911564627,0.845704753961634,161
8,40,0.05277777777777781,0.05678519593613934,0.15062326869806109,0.8353741496598639,0.9299416180150111,160
8,41,0.048611111111111105,0.05642235123367201,0.10560941828254844,0.8408163265306121,0.7906588824020027,159
8,42,0.04351851851851851,0.05170537010159654,0.0990304709141272,0.8408163265306121,0.8990825688073372,158
8,43,0.04722222222222222,0.04136429608127723,0.11357340720221565,0.8217687074829936,0.8648874061718104,157
8,44,0.05108024691358026,0.0460812772133527,0.15096952908587236,0.8251700680272114,0.9149291075896571,156
8,45,0.043981481481481455,0.04880261248185774,0.14231301939058127,0.850340136054422,0.8540450375312751,155
8,46,0.053858024691357975,0.051342525399129146,0.11253462603878095,0.8435374149659869,0.9307756463719734,154
8,47,0.0532407407407407,0.05243105950653121,0.13365650969529064,0.8149659863945584,0.8840700583819832,153
8,48,0.04413580246913579,0.04408563134978227,0.15927977839335172,0.8319727891156465,0.8440366972477058,152
8,49,0.057561728395061684,0.04154571843251087,0.11426592797783952,0.8523809523809529,0.869891576313595,151
8,50,0.04074074074074069,0.05224963715529757,0.1149584487534625,0.8557823129251703,0.8482068390325281,150
8,51,0.05694444444444441,0.06132075471698112,0.10734072022160657,0.83265306122449,0.8815679733110926,149
8,52,0.04506172839506173,0.05025399129172714,0.11807479224376749,0.8319727891156465,0.869891576313595,148
8,53,0.0507716049382716,0.04952830188679247,0.1114958448753458,0.8278911564625848,0.8648874061718104,147
8,54,0.050154320987654266,0.045174165457184334,0.12742382271468156,0.8102040816326532,0.8440366972477058,146
8,55,0.048611111111111105,0.0420899854862119,0.15027700831024893,0.8353741496598639,0.8740617180984138,145
8,56,0.047376543209876554,0.04825834542815677,0.10076177285318577,0.83265306122449,0.8373644703919929,144
8,57,0.048611111111111105,0.02975326560232222,0.1024930747922439,0.8551020408163263,0.8957464553794807,143
8,58,0.05848765432098768,0.05841799709724238,0.13365650969529064,0.8292517006802727,0.8340283569641365,142
8,59,0.05740740740740741,0.04880261248185774,0.16516620498614953,0.8299319727891157,0.9341117597998299,141
8,60,0.04938271604938271,0.05805515239477499,0.15131578947368407,0.8210884353741497,0.8523769808173469,140
8,61,0.043981481481481455,0.0393686502177068,0.13331024930747937,0.83265306122449,0.869891576313595,139
8,62,0.053858024691357975,0.03483309143686503,0.14404432132963985,0.8306122448979596,0.8865721434528773,138
8,63,0.054166666666666696,0.058236574746008685,0.12015235457063689,0.8061224489795924,0.8707256046705574,137
8,64,0.05169753086419754,0.0408200290275762,0.12430747922437657,0.8299319727891157,0.8240200166805671,136
8,65,0.05447530864197525,0.04426705370101597,0.1149584487534625,0.8285714285714287,0.9099249374478688,135
8,66,0.050154320987654266,0.04898403483309144,0.11426592797783952,0.841496598639456,0.9132610508757288,134
8,67,0.054320987654320974,0.053338171262699574,0.13227146814404422,0.8163265306122454,0.8390325271059176,133
8,68,0.0490740740740741,0.04317851959361396,0.1035318559556786,0.8095238095238102,0.8231859883236048,132
8,69,0.04876543209876544,0.04789550072568943,0.10803324099722955,0.8360544217687078,0.8540450375312751,131
8,70,0.0570987654320988,0.047169811320754707,0.13400277008310235,0.8380952380952387,0.821517931609673,130
8,71,0.049845679012345656,0.0393686502177068,0.12015235457063689,0.8251700680272114,0.8815679733110926,129
8,72,0.04212962962962957,0.04843976777939041,0.1319252077562325,0.8476190476190482,0.8432026688907399,128
8,73,0.05046296296296299,0.049709724238026165,0.14854570637119124,0.8149659863945584,0.8381984987489552,127
8,74,0.06774691358024693,0.046444121915820036,0.08933518005540142,0.8272108843537418,0.7764804003336074,126
8,75,0.051851851851851816,0.05424528301886794,0.10630193905817187,0.8285714285714287,0.8990825688073372,125
8,76,0.03950617283950619,0.03882438316400583,0.11807479224376749,0.8251700680272114,0.8590492076730598,124
8,77,0.04259259259259257,0.049891146589259805,0.11945983379501346,0.842857142857143,0.8748957464553797,123
8,78,0.05169753086419754,0.037917271407837405,0.1305401662049861,0.8306122448979596,0.8632193494578786,122
8,79,0.05679012345679013,0.04317851959361396,0.14542936288088626,0.8551020408163263,0.8932443703085866,121
8,80,0.04429012345679012,0.032474600870827264,0.14058171745152315,0.8367346938775517,0.8432026688907399,120
8,81,0.057561728395061684,0.0420899854862119,0.11461218836565079,0.8421768707482999,0.8315262718932459,119
8,82,0.04969135802469138,0.05624092888243831,0.12569252077562343,0.8523809523809529,0.906588824020016,118
8,83,0.05046296296296299,0.03138606676342526,0.10283933518005517,0.8455782312925173,0.8165137614678883,117
8,84,0.04830246913580244,0.05079825834542817,0.1475069252077561,0.8272108843537418,0.8473728106755587,116
8,85,0.04999999999999999,0.05097968069666181,0.11911357340720219,0.8496598639455781,0.8415346121768117,115
8,86,0.05108024691358026,0.05152394775036284,0.1149584487534625,0.8462585034013608,0.8732276897414515,114
8,87,0.055246913580246915,0.049709724238026165,0.12846260387811625,0.8265306122448979,0.8473728106755587,113
8,88,0.05787037037037035,0.05297532656023224,0.10422437673130158,0.8374149659863948,0.7889908256880709,112
8,89,0.046913580246913555,0.055333817126269946,0.11980609418282562,0.8367346938775517,0.7681401167639663,111
8,90,0.04799382716049383,0.05079825834542817,0.12984764542936267,0.8482993197278912,0.8615512927439539,110
8,91,0.04938271604938271,0.03864296081277213,0.11842105263157876,0.8176870748299323,0.806505421184319,109
8,92,0.043672839506172845,0.059325108853410746,0.11738227146814362,0.8380952380952387,0.851542952460381,108
8,93,0.03935185185185186,0.05515239477503625,0.08414127423822704,0.8278911564625848,0.866555462885735,107
8,94,0.051851851851851816,0.04317851959361396,0.09002770083102485,0.8244897959183675,0.8432026688907399,106
8,95,0.045679012345679004,0.055333817126269946,0.10076177285318577,0.8394557823129256,0.8740617180984138,105
8,96,0.05632716049382713,0.0473512336719884,0.13573407202216048,0.83265306122449,0.8832360300250208,104
8,97,0.04104938271604941,0.02920899854862119,0.12846260387811625,0.8408163265306121,0.8840700583819832,103
8,98,0.04706790123456789,0.05914368650217705,0.1139196675900278,0.8408163265306121,0.8882402001668019,102
8,99,0.06095679012345678,0.0460812772133527,0.11045706371191155,0.8149659863945584,0.9199332777314417,101
8,100,0.05293209876543209,0.05170537010159654,0.17590027700831,0.8394557823129256,0.8248540450375295,100
8,101,0.04922839506172838,0.04136429608127723,0.11530470914127378,0.8292517006802727,0.8490408673894905,99
8,102,0.04212962962962957,0.06023222060957906,0.12742382271468156,0.8319727891156465,0.8932443703085866,98
8,103,0.054166666666666696,0.051161103047895506,0.13469529085872534,0.8360544217687078,0.8899082568807337,97
8,104,0.05648148148148152,0.05097968069666181,0.11945983379501346,0.8544217687074833,0.851542952460381,96
8,105,0.05509259259259258,0.05370101596516691,0.11357340720221565,0.8217687074829936,0.8548790658882375,95
8,106,0.050617283950617264,0.041001451378809894,0.1139196675900278,0.8360544217687078,0.9082568807339442,94
8,107,0.05833333333333335,0.03392597968069666,0.13711911357340734,0.8238095238095244,0.8798999165971608,93
8,108,0.0561728395061728,0.05279390420899854,0.12569252077562343,0.8299319727891157,0.9090909090909065,92
8,109,0.05771604938271607,0.06349782293178519,0.145083102493075,0.8374149659863948,0.8031693077564626,91
8,110,0.06651234567901237,0.054063860667634245,0.14300554016620515,0.8136054421768706,0.8223519599666353,90
8,111,0.0737654320987654,0.05243105950653121,0.15235457063711877,0.8272108843537418,0.8465387823185964,89
8,112,0.06342592592592594,0.05206821480406387,0.13400277008310235,0.8088435374149663,0.845704753961634,88
8,113,0.07175925925925924,0.06549346879535561,0.11080332409972282,0.83265306122449,0.8565471226021693,87
8,114,0.06512345679012344,0.07148040638606673,0.1360803324099722,0.8034013605442181,0.9165971643035853,86
8,115,0.07114197530864197,0.06821480406386066,0.13434903047091407,0.83265306122449,0.8356964136780647,85
8,116,0.06450617283950616,0.06658200290275762,0.16689750692520766,0.8258503401360549,0.8432026688907399,84
8,117,0.08564814814814808,0.08000725689404936,0.14231301939058127,0.8095238095238102,0.8598832360300221,83
8,118,0.07530864197530862,0.0778301886792453,0.15547091412742375,0.785714285714286,0.8407005838198494,82
8,119,0.08194444444444438,0.08853410740203188,0.12119113573407159,0.8006802721088442,0.8281901584653859,81
8,120,0.09336419753086422,0.0843613933236575,0.18767313019390564,0.8115646258503402,0.8281901584653859,80
8,121,0.09274691358024689,0.0858127721335269,0.17486149584487531,0.7809523809523808,0.8115095913261037,79
8,122,0.09799382716049382,0.101233671988389,0.12569252077562343,0.8142857142857145,0.8315262718932459,78
8,123,0.08780864197530863,0.07456458635703922,0.14127423822714658,0.7918367346938777,0.8306922435362765,77
8,124,0.10756172839506173,0.09669811320754718,0.15270083102493093,0.7823129251700687,0.8315262718932459,76
8,125,0.10972222222222222,0.09941944847605222,0.1914819944598336,0.7755102040816326,0.797331109257712,75
8,126,0.10956790123456789,0.11756168359941943,0.17797783933517985,0.7707482993197283,0.8540450375312751,74
8,127,0.13117283950617287,0.1159288824383164,0.2063711911357342,0.7897959183673473,0.7998331943286061,73
8,128,0.12314814814814817,0.11012336719883892,0.18628808864265922,0.7625850340136058,0.8023352793995002,72
8,129,0.12361111111111106,0.12264150943396224,0.2039473684210522,0.7646258503401362,0.7497914929107594,71
8,130,0.12916666666666665,0.11901306240928883,0.2039473684210522,0.7687074829931975,0.8173477898248507,70
8,131,0.1345679012345679,0.13733671988388968,0.19702216066482015,0.7414965986394559,0.8290241868223518,69
8,132,0.15030864197530863,0.14822206095791002,0.20013850415512424,0.7673469387755105,0.7839866555462862,68
8,133,0.1552469135802469,0.14350507982583455,0.21225761772853202,0.7136054421768714,0.785654712260218,67
8,134,0.15802469135802472,0.15021770682148045,0.2524238227146811,0.7251700680272108,0.7723102585487887,66
8,135,0.158179012345679,0.1554789550072569,0.24584487534626032,0.7551020408163271,0.7631359466221816,65
8,136,0.16589506172839502,0.15747460087082732,0.25657894736842124,0.7448979591836737,0.7781484570475392,64
8,137,0.1685185185185185,0.1630986937590711,0.24342105263157876,0.7306122448979595,0.7080900750625503,63
8,138,0.18209876543209874,0.19103773584905653,0.2430747922437675,0.7374149659863947,0.7939949958298591,62
8,139,0.18456790123456784,0.18414368650217705,0.2513850415512464,0.6979591836734693,0.7347789824854019,61
8,140,0.20787037037037037,0.18632075471698112,0.2790858725761769,0.6986394557823132,0.7606338615512946,60
8,141,0.20956790123456792,0.19648040638606679,0.27735457063711877,0.6700680272108848,0.7706422018348604,59
8,142,0.1984567901234568,0.20682148040638604,0.2894736842105261,0.6993197278911572,0.707256046705588,58
8,143,0.2143518518518518,0.21117561683599417,0.28531855955678687,0.6564625850340136,0.7447873227689747,57
8,144,0.2316358024691358,0.22187953555878087,0.29847645429362846,0.6802721088435377,0.7214345287739761,56
8,145,0.22592592592592592,0.2329462989840348,0.280817174515235,0.6619047619047622,0.7489574645537935,55
8,146,0.2550925925925926,0.24002177068214797,0.3147506925207755,0.6428571428571432,0.7356130108423677,54
8,147,0.2546296296296296,0.25761973875181426,0.3036703601108033,0.6517006802721093,0.7564637197664723,53
8,148,0.26311728395061734,0.24927431059506527,0.3656509695290855,0.6326530612244898,0.7122602168473726,52
8,149,0.27484567901234563,0.26814223512336716,0.3265235457063711,0.6367346938775511,0.7005838198498715,51
8,150,0.27499999999999997,0.29082002902757614,0.33448753462603875,0.6394557823129254,0.6905754795663057,50
8,151,0.28904320987654314,0.2810232220609579,0.3202908587257616,0.6204081632653065,0.6814011676396987,49
8,152,0.30802469135802474,0.28501451378809867,0.34591412742382266,0.6020408163265305,0.7364470391993336,48
8,153,0.3050925925925925,0.30732946298984026,0.3819252077562325,0.6040816326530614,0.6346955796497049,47
8,154,0.31203703703703695,0.3191219158200291,0.35249307479224345,0.6027210884353744,0.6780650542118423,46
8,155,0.3328703703703703,0.32619738751814215,0.36772853185595533,0.574829931972789,0.6905754795663057,45
8,156,0.33688271604938264,0.3129535558780841,0.40477839335180077,0.5653061224489799,0.6747289407839858,44
8,157,0.35987654320987655,0.3432510885341074,0.4203601108033239,0.5721088435374151,0.7047539616346938,43
8,158,0.3552469135802468,0.353410740203193,0.4248614958448753,0.5578231292517009,0.6822351959966646,42
8,159,0.37006172839506163,0.37917271407837444,0.45983379501385,0.5551020408163265,0.6547122602168471,41
8,160,0.39104938271604933,0.3662917271407837,0.41101108033240985,0.5585034013605443,0.637197664720599,40
8,161,0.39351851851851843,0.386066763425254,0.4027008310249309,0.5285714285714289,0.5946622185154276,39
8,162,0.41203703703703703,0.4042089985486212,0.46468144044321313,0.526530612244898,0.5621351125938254,38
8,163,0.421604938271605,0.41291727140783746,0.48718836565096924,0.5401360544217693,0.5471226021684714,37
8,164,0.42731481481481487,0.41455007256894044,0.4795706371191133,0.5006802721088435,0.5871559633027523,36
8,165,0.4479938271604938,0.423621190130624,0.4695290858725758,0.4761904761904767,0.5746455379482889,35
8,166,0.4461419753086419,0.44321480406386066,0.4961911357340716,0.46870748299319764,0.607172643869891,34
8,167,0.46574074074074073,0.46335268505079824,0.5072714681440442,0.46802721088435373,0.5504587155963279,33
8,168,0.47854938271604935,0.4729680696661828,0.5152354570637119,0.4646258503401359,0.5329441201000833,32
8,169,0.4958333333333333,0.47605224963715537,0.5488227146814402,0.44761904761904825,0.6013344453711404,31
8,170,0.4969135802469135,0.4822206095791001,0.5353185595567864,0.416326530612245,0.4954128440366965,30
8,171,0.5209876543209877,0.5056240928882438,0.5498614958448753,0.41836734693877586,0.5120934111759787,29
8,172,0.5405864197530865,0.513243831640058,0.5477839335180055,0.42244897959183714,0.5154295246038352,28
8,173,0.5563271604938271,0.5279390420899854,0.5979916897506925,0.41496598639455806,0.4954128440366965,27
8,174,0.5527777777777778,0.5504354136429608,0.6059556786703597,0.3687074829931971,0.4653878231859885,26
8,175,0.5555555555555556,0.562953555878084,0.6042243767313016,0.3734693877551023,0.43703085904920513,25
8,176,0.578395061728395,0.5687590711175616,0.6101108033240994,0.36530612244897975,0.5029190992493753,24
8,177,0.6134259259259258,0.5859941944847606,0.6544321329639886,0.3401360544217691,0.41701417848206646,23
8,178,0.611574074074074,0.5887155297532656,0.6488919667590025,0.32789115646258526,0.3969974979149278,22
8,179,0.6390432098765433,0.6106676342525399,0.6336565096952911,0.3380952380952382,0.4278565471226017,21
8,180,0.6496913580246912,0.6235486211901307,0.666551246537396,0.31768707482993186,0.46121768140116615,20
8,181,0.6626543209876543,0.6427793904208998,0.6990997229916895,0.30952380952380976,0.43703085904920513,19
8,182,0.6720679012345678,0.6478592162554426,0.7143351800554014,0.287074829931973,0.4061718098415348,18
8,183,0.696141975308642,0.6629172714078373,0.746883656509695,0.27278911564625874,0.41951626355296057,17
8,184,0.7012345679012344,0.6763425253991291,0.7302631578947367,0.2639455782312927,0.4203502919099229,16
8,185,0.7182098765432099,0.6877721335268505,0.720567867036011,0.2734693877551022,0.350291909924934,15
8,186,0.7439814814814814,0.71244557329463,0.7590027700831024,0.24013605442176855,0.34778982485404697,14
8,187,0.7611111111111111,0.7354862119013064,0.7849722991689747,0.21360544217687094,0.3853211009174302,13
8,188,0.7771604938271603,0.7498185776487662,0.822368421052631,0.19455782312925196,0.3769808173477891,12
8,189,0.7868827160493828,0.7590711175616836,0.8112880886426592,0.18843537414966027,0.3110925771476225,11
8,190,0.8026234567901234,0.7841074020319303,0.821675900277008,0.17278911564625865,0.3252710592160106,10
8,191,0.8148148148148149,0.8006168359941945,0.8275623268698058,0.19523809523809543,0.26855713094245104,9
8,192,0.8305555555555555,0.812409288824383,0.8898891966759002,0.12653061224489814,0.3177648040033354,8
8,193,0.8527777777777779,0.8352685050798259,0.89196675900277,0.14557823129251712,0.27606338615512627,7
8,194,0.8697530864197531,0.8363570391872279,0.8885041551246537,0.10272108843537442,0.2727272727272734,6
8,195,0.8756172839506173,0.8699201741654572,0.8739612188365649,0.10068027210884356,0.22518765638031368,5
8,196,0.8984567901234568,0.8927793904208998,0.9300554016620493,0.09863945578231315,0.30525437864887195,4
8,197,0.916820987654321,0.9127358490566038,0.9110110803324094,0.07687074829931984,0.22435362802335135,3
8,198,0.9339506172839507,0.9239840348330914,0.9695290858725758,0.06326530612244907,0.23519599666388658,2
8,199,0.9586419753086419,0.9412191582002902,0.9757617728531853,0.04217687074829968,0.2210175145954949,1
8,200,0.9814814814814814,0.9435776487663281,0.9854570637119111,0.0,0.21017514595496323,0
9,1,0.013271604938271564,0.07456458635703922,0.030817174515235468,0.9034013605442182,0.8256880733944918,199
9,2,0.02268518518518514,0.07456458635703922,0.09626038781163393,0.9197278911564633,0.8073394495412849,198
9,3,0.01450617283950617,0.07275036284470249,0.0699445983379503,0.9340136054421775,0.839866555462887,197
9,4,0.025000000000000022,0.06894049346879533,0.06440443213296376,0.9340136054421775,0.8073394495412849,196
9,5,0.01851851851851849,0.06730769230769229,0.08829639889196672,0.9020408163265308,0.8098415346121755,195
9,6,0.025000000000000022,0.08363570391872283,0.09314404432132983,0.8979591836734699,0.7956630525437838,194
9,7,0.02978395061728395,0.06549346879535561,0.07998614958448735,0.9360544217687079,0.8098415346121755,193
9,8,0.03179012345679011,0.06658200290275762,0.06405817174515249,0.9333333333333336,0.7489574645537935,192
9,9,0.015277777777777779,0.07148040638606673,0.0990304709141272,0.9251700680272115,0.8040033361134249,191
9,10,0.014043209876543228,0.08073294629898403,0.15062326869806109,0.9265306122448984,0.7923269391159273,190
9,11,0.008487654320987637,0.06730769230769229,0.07721606648199408,0.9095238095238094,0.7881567973311085,189
9,12,0.027469135802469125,0.08091436865021773,0.07825484764542923,0.9006802721088438,0.8331943286071706,188
9,13,0.01620370370370372,0.059325108853410746,0.0934903047091411,0.9306122448979597,0.7080900750625503,187
9,14,0.011419753086419737,0.0711175616835994,0.09383656509695282,0.9095238095238094,0.761467889908257,186
9,15,0.020987654320987648,0.06839622641509435,0.09037396121883612,0.9013605442176873,0.7439532944120089,185
9,16,0.02114197530864198,0.0736574746008708,0.0969529085872578,0.9095238095238094,0.7623019182652193,184
9,17,0.025000000000000022,0.06077648766328014,0.10283933518005517,0.9346938775510205,0.8173477898248507,183
9,18,0.012345679012345678,0.06585631349782295,0.07756232686980624,0.8993197278911569,0.7564637197664723,182
9,19,0.020524691358024705,0.07656023222060959,0.06301939058171735,0.9258503401360545,0.8040033361134249,181
9,20,0.025771604938271575,0.07601596516690856,0.09937673130193891,0.9231292517006806,0.821517931609673,180
9,21,0.00864197530864197,0.07093613933236576,0.08033240997229907,0.9136054421768711,0.8040033361134249,179
9,22,0.020370370370370372,0.07474600870827286,0.07790858725761751,0.906802721088436,0.8256880733944918,178
9,23,0.018672839506172823,0.06440493468795355,0.07756232686980624,0.8931972789115648,0.7898248540450368,177
9,24,0.015277777777777779,0.06767053701015968,0.10837950138504171,0.9013605442176873,0.8123436196830696,176
9,25,0.03009259259259256,0.07964441219158197,0.08033240997229907,0.9013605442176873,0.743119266055043,175
9,26,0.014043209876543228,0.06694484760522496,0.06855955678670345,0.9122448979591842,0.785654712260218,174
9,27,0.01944444444444443,0.06295355587808421,0.06925207756232643,0.9142857142857146,0.7823185988323615,173
9,28,0.027932098765432067,0.07347605224963716,0.052977839335179855,0.9224489795918367,0.8073394495412849,172
9,29,0.015740740740740722,0.06313497822931785,0.1114958448753458,0.9020408163265308,0.8106755629691413,171
9,30,0.017746913580246937,0.07619738751814226,0.11045706371191155,0.9244897959183676,0.7706422018348604,170
9,31,0.023302469135802473,0.06730769230769229,0.08379501385041532,0.8993197278911569,0.7547956630525405,169
9,32,0.016820987654320996,0.07456458635703922,0.05159279778393344,0.9238095238095236,0.761467889908257,168
9,33,0.02438271604938269,0.06930333817126266,0.06163434903047049,0.9176870748299324,0.7581317764804005,167
9,34,0.02438271604938269,0.07184325108853412,0.07825484764542923,0.9251700680272115,0.7556296914095064,166
9,35,0.00864197530864197,0.07474600870827286,0.06198060941828265,0.9020408163265308,0.8165137614678883,165
9,36,0.019753086419753096,0.06277213352685052,0.07029085872576157,0.9047619047619051,0.8482068390325281,164
9,37,0.022067901234567866,0.06875907111756169,0.09106648199445999,0.898639455782313,0.7664720600500416,163
9,38,0.01712962962962966,0.0751088534107402,0.07929362880886437,0.9204081632653063,0.791492910758965,162
9,39,0.015586419753086445,0.06966618287373005,0.07375346260387827,0.9197278911564633,0.8023352793995002,161
9,40,0.017746913580246937,0.06331640058055155,0.06371191135734033,0.9224489795918367,0.8381984987489552,160
9,41,0.01743827160493827,0.06894049346879533,0.08483379501385002,0.9013605442176873,0.8323603002502082,159
9,42,0.017746913580246937,0.06694484760522496,0.07825484764542923,0.9095238095238094,0.8323603002502082,158
9,43,0.015277777777777779,0.07293178519593613,0.09106648199445999,0.906802721088436,0.7956630525437838,157
9,44,0.01820987654320988,0.06059506531204645,0.08552631578947345,0.9163265306122454,0.7931609674728897,156
9,45,0.016820987654320996,0.0738388969521045,0.10422437673130158,0.9006802721088438,0.7773144286905769,155
9,46,0.020679012345678982,0.07529027576197389,0.08898891966759015,0.9544217687074834,0.8090075062552096,154
9,47,0.023456790123456805,0.06966618287373005,0.06371191135734033,0.9122448979591842,0.8123436196830696,153
9,48,0.018981481481481488,0.07474600870827286,0.07721606648199408,0.9115646258503403,0.7831526271893239,152
9,49,0.020987654320987648,0.07801161103047893,0.06371191135734033,0.9272108843537419,0.767306088407004,151
9,50,0.01944444444444443,0.07039187227866472,0.10803324099722955,0.9108843537414972,0.7948290241868214,150
9,51,0.02021604938271604,0.06549346879535561,0.07963988919667608,0.9129251700680272,0.7714762301918228,149
9,52,0.013888888888888895,0.08000725689404936,0.07063711911357329,0.9244897959183676,0.7989991659716438,148
9,53,0.007870370370370361,0.07565312046444123,0.056440443213296554,0.9251700680272115,0.7723102585487887,147
9,54,0.01651234567901233,0.062409288824383125,0.08310249307479234,0.9292517006802723,0.7623019182652193,146
9,55,0.012808641975308621,0.0751088534107402,0.08933518005540142,0.8836734693877557,0.8557130942451998,145
9,56,0.019753086419753096,0.07692307692307693,0.07860110803324094,0.8918367346938778,0.8115095913261037,144
9,57,0.012962962962962954,0.07583454281567487,0.07721606648199408,0.9197278911564633,0.7631359466221816,143
9,58,0.02191358024691359,0.06331640058055155,0.11980609418282562,0.9469387755102048,0.8432026688907399,142
9,59,0.02438271604938269,0.07129898403483309,0.10110803324099704,0.9156462585034015,0.737281067556296,141
9,60,0.025771604938271575,0.08000725689404936,0.08033240997229907,0.9000000000000004,0.7689741451209358,140
9,61,0.00524691358024687,0.07873730043541366,0.05332409972299157,0.9204081632653063,0.7606338615512946,139
9,62,0.007716049382716028,0.0736574746008708,0.07513850415512424,0.9278911564625854,0.7464553794828994,138
9,63,0.011882716049382736,0.054608127721335276,0.043282548476454075,0.9414965986394561,0.8582151793160939,137
9,64,0.01712962962962966,0.06585631349782295,0.07583102493074811,0.9285714285714288,0.7714762301918228,136
9,65,0.018055555555555547,0.07184325108853412,0.07132963988919627,0.9095238095238094,0.7989991659716438,135
9,66,0.010493827160493796,0.0751088534107402,0.07271468144044313,0.9183673469387754,0.8348623853210988,134
9,67,0.015432098765432112,0.07855587808417996,0.049861495844875314,0.9102040816326533,0.7898248540450368,133
9,68,0.028395061728395066,0.057692307692307654,0.07929362880886437,0.9367346938775509,0.7623019182652193,132
9,69,0.015277777777777779,0.07420174165457183,0.08414127423822704,0.9380952380952388,0.8040033361134249,131
9,70,0.024691358024691357,0.06930333817126266,0.06821329639889173,0.9136054421768711,0.7497914929107594,130
9,71,0.01944444444444443,0.06912191582002902,0.06925207756232643,0.9238095238095236,0.7506255212677218,129
9,72,0.021296296296296313,0.06839622641509435,0.10110803324099704,0.9115646258503403,0.8098415346121755,128
9,73,0.017592592592592604,0.07728592162554426,0.08310249307479234,0.8938775510204082,0.8223519599666353,127
9,74,0.016049382716049387,0.07764876632801154,0.09314404432132983,0.906122448979592,0.7581317764804005,126
9,75,0.020524691358024705,0.06966618287373005,0.09729916897506907,0.9142857142857146,0.8231859883236048,125
9,76,0.01913580246913582,0.07402031930333819,0.07444598337950126,0.9197278911564633,0.8290241868223518,124
9,77,0.01620370370370372,0.07565312046444123,0.08171745152354548,0.9183673469387754,0.8465387823185964,123
9,78,0.02391975308641975,0.07238751814223515,0.08483379501385002,0.907482993197279,0.7831526271893239,122
9,79,0.018364197530864212,0.07801161103047893,0.09383656509695282,0.9013605442176873,0.821517931609673,121
9,80,0.016049382716049387,0.06476777939042089,0.10422437673130158,0.9367346938775509,0.797331109257712,120
9,81,0.02083333333333337,0.0774673439767779,0.10526315789473673,0.9265306122448984,0.7447873227689747,119
9,82,0.02885802469135801,0.07964441219158197,0.07236842105263142,0.9027210884353742,0.8056713928273531,118
9,83,0.01481481481481478,0.07420174165457183,0.09383656509695282,0.9088435374149664,0.7514595496246841,117
9,84,0.018981481481481488,0.06803338171262702,0.08344875346260405,0.898639455782313,0.7806505421184298,116
9,85,0.020987654320987648,0.07619738751814226,0.0675207756232683,0.9006802721088438,0.7889908256880709,115
9,86,0.020061728395061706,0.07474600870827286,0.0720221606648197,0.9210884353741497,0.8390325271059176,114
9,87,0.017746913580246937,0.06005079825834542,0.08448753462603875,0.9448979591836739,0.7456213511259371,113
9,88,0.016666666666666663,0.07021044992743108,0.08275623268698018,0.9197278911564633,0.8265221017514577,112
9,89,0.016975308641975273,0.08109579100145137,0.07894736842105221,0.9122448979591842,0.7664720600500416,111
9,90,0.00524691358024687,0.0738388969521045,0.11668975069252063,0.9231292517006806,0.8115095913261037,110
9,91,0.014043209876543228,0.07002902757619739,0.09799168975069206,0.94421768707483,0.8381984987489552,109
9,92,0.02145061728395059,0.07220609579100146,0.08483379501385002,0.906802721088436,0.7406171809841524,108
9,93,0.00956790123456791,0.07220609579100146,0.07583102493074811,0.8965986394557821,0.7873227689741427,107
9,94,0.01450617283950617,0.06331640058055155,0.07479224376731297,0.9122448979591842,0.7681401167639663,106
9,95,0.0222222222222222,0.05805515239477499,0.046745152354570774,0.9170068027210885,0.7923269391159273,105
9,96,0.018981481481481488,0.06803338171262702,0.06509695290858719,0.9170068027210885,0.7739783152627169,104
9,97,0.02608024691358024,0.06948476052249636,0.07998614958448735,0.9503401360544221,0.7823185988323615,103
9,98,0.01990740740740743,0.07656023222060959,0.09383656509695282,0.9204081632653063,0.7956630525437838,102
9,99,0.01712962962962966,0.06767053701015968,0.08656509695290815,0.94421768707483,0.8290241868223518,101
9,100,0.018364197530864212,0.07801161103047893,0.06613573407202233,0.9129251700680272,0.8206839032527107,100
9,101,0.025771604938271575,0.06640058055152392,0.07271468144044313,0.9462585034013609,0.7923269391159273,99
9,102,0.0280864197530864,0.0736574746008708,0.08552631578947345,0.9122448979591842,0.8198498748957448,98
9,103,0.025771604938271575,0.06513062409288822,0.07583102493074811,0.9285714285714288,0.7839866555462862,97
9,104,0.014969135802469113,0.08073294629898403,0.10145429362880876,0.9095238095238094,0.7948290241868214,96
9,105,0.011419753086419737,0.06767053701015968,0.08518005540166218,0.9149659863945581,0.7547956630525405,95
9,106,0.015432098765432112,0.06748911465892599,0.09210526315789469,0.8870748299319731,0.7531276063386159,94
9,107,0.00956790123456791,0.07928156748911469,0.054016620498614554,0.9129251700680272,0.8407005838198494,93
9,108,0.03271604938271605,0.06458635703918719,0.09175900277008298,0.8979591836734699,0.7447873227689747,92
9,109,0.023302469135802473,0.0881712626995646,0.09833795013850377,0.9006802721088438,0.8073394495412849,91
9,110,0.011882716049382736,0.07547169811320753,0.0754847645429364,0.9095238095238094,0.7756463719766451,90
9,111,0.02685185185185185,0.0816400580551524,0.09175900277008298,0.9142857142857146,0.785654712260218,89
9,112,0.0280864197530864,0.08780841799709721,0.10768698060941784,0.897278911564626,0.7773144286905769,88
9,113,0.03935185185185186,0.07928156748911469,0.1270775623268694,0.8850340136054426,0.7664720600500416,87
9,114,0.02885802469135801,0.10558780841799714,0.08933518005540142,0.8938775510204082,0.7631359466221816,86
9,115,0.037962962962962976,0.08998548621190128,0.09833795013850377,0.850340136054422,0.7756463719766451,85
9,116,0.040277777777777746,0.10268505079825835,0.12569252077562343,0.8931972789115648,0.7989991659716438,84
9,117,0.03641975308641976,0.10359216255442671,0.09626038781163393,0.8768707482993197,0.7631359466221816,83
9,118,0.055246913580246915,0.10250362844702465,0.13504155124653705,0.8802721088435379,0.8023352793995002,82
9,119,0.04598765432098767,0.10631349782293181,0.11599722991689765,0.8965986394557821,0.7731442869057545,81
9,120,0.0490740740740741,0.11447750362844705,0.14577562326869797,0.8761904761904766,0.7005838198498715,80
9,121,0.06049382716049384,0.10939767779390419,0.11703601108033235,0.88843537414966,0.7439532944120089,79
9,122,0.05972222222222223,0.11502177068214808,0.14854570637119124,0.8775510204081636,0.7155963302752291,78
9,123,0.05817901234567896,0.12082728592162556,0.10734072022160657,0.8523809523809529,0.7748123436196828,77
9,124,0.07407407407407407,0.12137155297532654,0.1360803324099722,0.8721088435374154,0.7706422018348604,76
9,125,0.07808641975308639,0.10957910014513789,0.13088642659279737,0.8727891156462588,0.7331109257714736,75
9,126,0.07932098765432094,0.13860667634252538,0.1409279778393353,0.8823129251700679,0.7814845704753957,74
9,127,0.08333333333333337,0.136611030478955,0.09487534626038796,0.8530612244897964,0.6947456213511245,73
9,128,0.09043209876543207,0.14404934687953552,0.16101108033240985,0.8721088435374154,0.7356130108423677,72
9,129,0.10848765432098761,0.14985486211901305,0.13123268698060953,0.8408163265306121,0.7206005004170137,71
9,130,0.10354938271604935,0.14658925979680698,0.15373961218836563,0.8408163265306121,0.7139282735612973,70
9,131,0.11049382716049377,0.16364296081277213,0.18455678670360065,0.834013605442177,0.7648040033361134,69
9,132,0.10293209876543208,0.15475326560232222,0.14854570637119124,0.8333333333333335,0.7606338615512946,68
9,133,0.11358024691358021,0.16727140783744554,0.17139889196675862,0.8353741496598639,0.7005838198498715,67
9,134,0.12021604938271602,0.16690856313497826,0.17105263157894735,0.8387755102040817,0.7147623019182667,66
9,135,0.1253086419753086,0.19194484760522496,0.1769390581717447,0.8360544217687078,0.7539616346955782,65
9,136,0.13688271604938274,0.17851959361393321,0.23268698060941784,0.8163265306122454,0.691409507923268,64
9,137,0.1492283950617284,0.2011973875181422,0.22229916897506907,0.795918367346939,0.7080900750625503,63
9,138,0.14290123456790121,0.2077285921625544,0.20567867036011078,0.8027210884353742,0.6872393661384457,62
9,139,0.15586419753086417,0.20355587808418002,0.22645429362880876,0.8129251700680276,0.6688907422852388,61
9,140,0.16805555555555557,0.22006531204644414,0.2195290858725758,0.7653061224489797,0.6388657214345272,60
9,141,0.16728395061728396,0.20881712626995647,0.2510387811634347,0.7843537414965991,0.6755629691409482,59
9,142,0.16635802469135802,0.2186139332365747,0.23372576177285298,0.7993197278911564,0.6480400333611342,58
9,143,0.19305555555555554,0.23603047895500723,0.24203601108033235,0.7823129251700687,0.6538782318598813,57
9,144,0.19151234567901237,0.2578011611030479,0.24930747922437657,0.7734693877551027,0.637197664720599,56
9,145,0.21265432098765435,0.25761973875181426,0.263850415512465,0.7530612244897963,0.637197664720599,55
9,146,0.21249999999999997,0.26052249637155295,0.280817174515235,0.7414965986394559,0.5979983319432876,54
9,147,0.21064814814814808,0.2597968069666183,0.28289473684210487,0.72108843537415,0.6513761467889871,53
9,148,0.2307098765432099,0.2804789550072569,0.2880886426592797,0.7306122448979595,0.5446205170975809,52
9,149,0.23688271604938266,0.2928156748911466,0.31717451523545703,0.7435374149659868,0.58298582151793,51
9,150,0.2458333333333333,0.28737300435413643,0.3237534626038783,0.7265306122448978,0.6338615512927426,50
9,151,0.25833333333333336,0.31785195936139327,0.3272160664819941,0.7204081632653065,0.6305254378648861,49
9,152,0.2648148148148148,0.32275036284470254,0.3292936288088639,0.693197278911565,0.5963302752293558,48
9,153,0.28364197530864194,0.3387155297532655,0.3112880886426592,0.6836734693877551,0.613010842368638,47
9,154,0.28950617283950614,0.33254716981132076,0.3659972299168972,0.684353741496599,0.6121768140116757,46
9,155,0.3074074074074074,0.34306966618287366,0.34141274238227126,0.6530612244897962,0.5813177648040053,45
9,156,0.2976851851851851,0.3617561683599419,0.3597645429362877,0.6571428571428575,0.5763135946622171,44
9,157,0.3220679012345678,0.3583091436865022,0.3656509695290855,0.6612244897959187,0.5129274395329411,43
9,158,0.3322530864197531,0.36484034833091433,0.37015235457063733,0.6265306122448981,0.6121768140116757,42
9,159,0.33163580246913577,0.3757256894049347,0.38469529085872534,0.6272108843537416,0.5062552126772317,41
9,160,0.35308641975308647,0.38388969521044986,0.3746537396121883,0.6149659863945578,0.5754795663052512,40
9,161,0.36913580246913574,0.41745283018867924,0.40062326869806064,0.5802721088435376,0.5537948290241843,39
9,162,0.38148148148148137,0.42960812772133533,0.42174515235457033,0.5870748299319732,0.5145954962468728,38
9,163,0.39598765432098765,0.42162554426705373,0.40477839335180077,0.6054421768707483,0.5095913261050846,37
9,164,0.3884259259259258,0.4544629898403482,0.44355955678670345,0.5775510204081638,0.47706422018348604,36
9,165,0.42037037037037034,0.45500725689404925,0.47091412742382266,0.5843537414965989,0.4895746455379495,35
9,166,0.4166666666666667,0.4775036284470247,0.48337950138504127,0.5353741496598641,0.5162635529608011,34
9,167,0.4314814814814815,0.4715166908563135,0.47403047091412764,0.5319727891156463,0.4737281067556296,33
9,168,0.4398148148148147,0.4876632801161102,0.479916897506925,0.5251700680272111,0.5329441201000833,32
9,169,0.4603395061728394,0.5166908563134978,0.4903047091412742,0.5204081632653059,0.5296080066722233,31
9,170,0.4666666666666666,0.5150580551523949,0.517659279778393,0.5000000000000004,0.48540450375312716,30
9,171,0.48688271604938277,0.5382801161103048,0.5328947368421049,0.5231292517006807,0.44870725604670625,29
9,172,0.49120370370370364,0.557510885341074,0.5034626038781163,0.47414965986394586,0.46205170975813203,28
9,173,0.5199074074074073,0.5566037735849056,0.5595567867036011,0.4544217687074834,0.41701417848206646,27
9,174,0.5120370370370371,0.5742017416545717,0.5283933518005539,0.45238095238095255,0.44036697247706513,26
9,175,0.5439814814814814,0.5809143686502176,0.577908587257618,0.4646258503401359,0.4061718098415348,25
9,176,0.5445987654320987,0.5999637155297532,0.591759002770083,0.4571428571428573,0.41367806505421,24
9,177,0.5583333333333333,0.6146589259796806,0.5941828254847645,0.42653061224489797,0.383653044203502,23
9,178,0.5756172839506173,0.6302612481857766,0.5831024930747919,0.4068027210884355,0.3719766472060009,22
9,179,0.604320987654321,0.6456821480406385,0.5927977839335177,0.42585034013605494,0.4178482068390288,21
9,180,0.6018518518518516,0.6340711175616836,0.6336565096952911,0.40952380952380985,0.41534612176813823,20
9,181,0.6186728395061729,0.6797895500725688,0.6104570637119111,0.3761904761904762,0.33694745621351174,19
9,182,0.6462962962962961,0.6912191582002902,0.679709141274238,0.3496598639455786,0.368640533778148,18
9,183,0.6575617283950617,0.6846879535558781,0.6416204986149583,0.3687074829931971,0.32360300250208596,17
9,184,0.6618827160493825,0.7104499274310596,0.6980609418282548,0.33945578231292517,0.2660550458715569,16
9,185,0.6972222222222222,0.734579100145138,0.7008310249307477,0.3231292517006801,0.3185988323603013,15
9,186,0.6944444444444444,0.745101596516691,0.6980609418282548,0.31224489795918364,0.25604670558799114,14
9,187,0.7104938271604939,0.7703193033381712,0.7371883656509692,0.3020408163265307,0.21684737281067257,13
9,188,0.7299382716049381,0.7777576197387517,0.7548476454293627,0.2551020408163267,0.2793994995829827,12
9,189,0.7521604938271604,0.7997097242380262,0.7555401662049861,0.23945578231292552,0.22685571309424546,11
9,190,0.7597222222222222,0.8120464441219157,0.7351108033240994,0.2496598639455785,0.2960800667222685,10
9,191,0.7833333333333332,0.829644412191582,0.7693905817174511,0.21904761904761916,0.2844036697247674,9
9,192,0.8009259259259258,0.8403483309143687,0.7943213296398892,0.22721088435374126,0.18598832360300221,8
9,193,0.8246913580246915,0.8762699564586358,0.837950138504155,0.20204081632653104,0.1276063386155144,7
9,194,0.8242283950617284,0.8846153846153846,0.8282548476454292,0.1904761904761907,0.2210175145954949,6
9,195,0.8612654320987654,0.8891509433962264,0.8552631578947367,0.1809523809523812,0.16597164303586354,5
9,196,0.866358024691358,0.9109216255442669,0.8819252077562321,0.19319727891156502,0.18849040867389277,4
9,197,0.8949074074074073,0.9176342525399128,0.9047783933518003,0.13877551020408196,0.17431192660550465,3
9,198,0.910030864197531,0.9433962264150944,0.9539473684210527,0.15238095238095273,0.18765638031693044,2
9,199,0.9287037037037036,0.9736937590711174,0.9044321329639886,0.13537414965986416,0.10175145954962517,1
9,200,0.9390432098765433,0.9831277213352685,0.9681440443213294,0.08503401360544238,0.10425354462051573,0
10,1,0.06080246913580245,0.02376632801161105,0.06301939058171735,0.9469387755102048,0.7397831526271901,199
10,2,0.06805555555555554,0.02975326560232222,0.10283933518005517,0.9496598639455782,0.7197664720600478,198
10,3,0.06929012345679009,0.0395500725689405,0.09072022160664783,0.9659863945578233,0.7589658048373629,197
10,4,0.061111111111111116,0.03991291727140783,0.08414127423822704,0.9802721088435375,0.6680567139282694,196
10,5,0.05972222222222223,0.03918722786647316,0.0225069252077561,0.9666666666666672,0.7589658048373629,195
10,6,0.06172839506172839,0.030116110304789556,0.049861495844875314,0.953061224489796,0.707256046705588,194
10,7,0.061111111111111116,0.02775761973875185,0.06371191135734033,0.9557823129251704,0.7864887406171803,193
10,8,0.06280864197530867,0.03574020319303334,0.058518005540166396,0.9517006802721091,0.667222685571307,192
10,9,0.055555555555555525,0.02449201741654572,0.07167590027700843,0.9741496598639463,0.6638865721434506,191
10,10,0.06188271604938267,0.023222060957910018,0.06405817174515249,0.9741496598639463,0.7089241034195126,190
10,11,0.0649691358024691,0.04372278664731494,0.0765235457063711,0.9496598639455782,0.7289407839866548,189
10,12,0.06018518518518512,0.036284470246734424,0.07756232686980624,0.9414965986394561,0.7297748123436172,188
10,13,0.06450617283950616,0.037191582002902734,0.08310249307479234,0.9666666666666672,0.7139282735612973,187
10,14,0.07098765432098764,0.026850507982583427,0.04570637119113563,0.9163265306122454,0.7214345287739761,186
10,15,0.06018518518518512,0.03610304789550073,0.03427977839335172,0.9510204081632652,0.7397831526271901,185
10,16,0.058950617283950624,0.03610304789550073,0.058864265927977666,0.9591836734693882,0.7439532944120089,184
10,17,0.07114197530864197,0.033744557329462965,0.05436288088642671,0.9537414965986399,0.7447873227689747,183
10,18,0.058950617283950624,0.03193033381712629,0.06198060941828265,0.9585034013605442,0.6905754795663057,182
10,19,0.053858024691357975,0.037010159651669094,0.08518005540166218,0.935374149659864,0.7364470391993336,181
10,20,0.07191358024691352,0.03755442670537007,0.06128808864265922,0.9469387755102048,0.7264386989157607,180
10,21,0.06682098765432098,0.03392597968069666,0.06544321329639846,0.9448979591836739,0.7381150959132583,179
10,22,0.06820987654320981,0.03465166908563133,0.07063711911357329,0.9829931972789119,0.7030859049207656,178
10,23,0.07314814814814813,0.02775761973875185,0.08760387811634329,0.9768707482993197,0.7139282735612973,177
10,24,0.07546296296296295,0.03664731494920176,0.05332409972299157,0.9544217687074834,0.761467889908257,176
10,25,0.07098765432098764,0.025399129172714086,0.06613573407202233,0.9625850340136055,0.707256046705588,175
10,26,0.07978395061728394,0.03483309143686503,0.0675207756232683,0.9761904761904767,0.7114261884904067,174
10,27,0.07145061728395063,0.02104499274310595,0.06059556786703579,0.9741496598639463,0.7764804003336074,173
10,28,0.06049382716049384,0.026669085631349787,0.07825484764542923,0.9517006802721091,0.7147623019182667,172
10,29,0.07067901234567897,0.02920899854862119,0.03462603878116344,0.9421768707482996,0.7239366138448702,171
10,30,0.0537037037037037,0.031023222060957922,0.044321329639888773,0.9823129251700684,0.7964970809007497,170
10,31,0.05879629629629629,0.03501451378809867,0.05193905817174471,0.9557823129251704,0.7839866555462862,169
10,32,0.06234567901234567,0.031023222060957922,0.052285318559556426,0.9755102040816328,0.6146788990825698,168
10,33,0.0625,0.0328374455732946,0.05713296398891954,0.9714285714285715,0.7639699749791475,167
10,34,0.0566358024691358,0.04843976777939041,0.0439750692520775,0.9775510204081637,0.7289407839866548,166
10,35,0.06219135802469139,0.030116110304789556,0.06786703601108046,0.9625850340136055,0.6930775646371963,165
10,36,0.06388888888888883,0.027576197387518153,0.04743767313019376,0.9489795918367352,0.685571309424521,164
10,37,0.06265432098765428,0.036284470246734424,0.07063711911357329,0.9863945578231297,0.6497080900750625,163
10,38,0.06820987654320981,0.033200290275761934,0.08275623268698018,0.9693877551020411,0.7180984153461196,162
10,39,0.06635802469135799,0.02775761973875185,0.07929362880886437,0.9340136054421775,0.7497914929107594,161
10,40,0.06512345679012344,0.029571843251088525,0.06440443213296376,0.9578231292517012,0.767306088407004,160
10,41,0.0851851851851852,0.0420899854862119,0.058864265927977666,0.9687074829931976,0.7464553794828994,159
10,42,0.0595679012345679,0.02394775036284469,0.0675207756232683,0.9707482993197285,0.6697247706422012,158
10,43,0.06080246913580245,0.03737300435413643,0.06925207756232643,0.9789115646258506,0.6763969974979105,157
10,44,0.07978395061728394,0.021952104499274316,0.033240997229917024,0.9591836734693882,0.6864053377814834,156
10,45,0.0649691358024691,0.03265602322206096,0.06509695290858719,0.9482993197278913,0.7381150959132583,155
10,46,0.06327160493827155,0.041182873730043534,0.06544321329639846,0.9469387755102048,0.667222685571307,154
10,47,0.06419753086419755,0.02394775036284469,0.045013850415512646,0.9673469387755103,0.6647206005004165,153
10,48,0.07391975308641979,0.034288824383163996,0.06786703601108046,0.945578231292517,0.7489574645537935,152
10,49,0.06527777777777777,0.028120464441219184,0.0720221606648197,0.9367346938775509,0.6697247706422012,151
10,50,0.05833333333333335,0.03574020319303334,0.06855955678670345,0.9741496598639463,0.6930775646371963,150
10,51,0.06882716049382714,0.032293178519593624,0.052285318559556426,0.9653061224489803,0.7214345287739761,149
10,52,0.061419753086419726,0.03338171262699563,0.06613573407202233,0.9578231292517012,0.7097581317764785,148
10,53,0.057253086419753074,0.033744557329462965,0.05470914127423798,0.9462585034013609,0.7155963302752291,147
10,54,0.06975308641975309,0.03447024673439769,0.05921052631578938,0.952380952380953,0.7447873227689747,146
10,55,0.05046296296296299,0.03900580551523947,0.03601108033240985,0.9408163265306126,0.7064220183486256,145
10,56,0.07870370370370366,0.04535558780841803,0.08067867036011034,0.9646258503401364,0.66138448707256,144
10,57,0.06620370370370371,0.02920899854862119,0.05436288088642671,0.961904761904762,0.7080900750625503,143
10,58,0.07067901234567897,0.019049346879535578,0.0699445983379503,0.9476190476190478,0.7105921601334444,142
10,59,0.06712962962962965,0.02503628447024675,0.07132963988919627,0.9571428571428573,0.7014178482068374,141
10,60,0.06234567901234567,0.03211175616835993,0.05540166204986141,0.9598639455782321,0.7147623019182667,140
10,61,0.06157407407407406,0.044629898403483304,0.07583102493074811,0.9544217687074834,0.7289407839866548,139
10,62,0.058950617283950624,0.029934687953555916,0.06301939058171735,0.9428571428571431,0.7364470391993336,138
10,63,0.06219135802469139,0.030660377358490587,0.058864265927977666,1.0,0.7014178482068374,137
10,64,0.05246913580246915,0.02158925979680698,0.08171745152354548,0.9782312925170067,0.7014178482068374,136
10,65,0.07314814814814813,0.03846153846153849,0.06509695290858719,0.9564625850340138,0.7297748123436172,135
10,66,0.07067901234567897,0.03610304789550073,0.056786703601107824,0.9571428571428573,0.7898248540450368,134
10,67,0.06682098765432098,0.0395500725689405,0.07790858725761751,0.9632653061224494,0.7272727272727266,133
10,68,0.07083333333333336,0.03846153846153849,0.0730609418282544,0.9503401360544221,0.7364470391993336,132
10,69,0.06481481481481483,0.030841799709724227,0.1149584487534625,0.9387755102040818,0.7556296914095064,131
10,70,0.05987654320987651,0.034107402031930356,0.11288088642659266,0.9469387755102048,0.6997497914929092,130
10,71,0.06512345679012344,0.027031930333817122,0.08379501385041532,0.952380952380953,0.7456213511259371,129
10,72,0.0570987654320988,0.020137880986937584,0.06475069252077548,0.9387755102040818,0.7748123436196828,128
10,73,0.055864197530864246,0.02558055152394778,0.07583102493074811,0.9517006802721091,0.6730608840700576,127
10,74,0.07793209876543211,0.025943396226415116,0.06509695290858719,0.9571428571428573,0.7472894078398653,126
10,75,0.06805555555555554,0.027213352685050818,0.06301939058171735,0.9564625850340138,0.7489574645537935,125
10,76,0.05802469135802468,0.04789550072568943,0.05540166204986141,0.9598639455782321,0.685571309424521,124
10,77,0.057253086419753074,0.026850507982583427,0.05159279778393344,0.9544217687074834,0.691409507923268,123
10,78,0.06959876543209881,0.027394775036284458,0.052977839335179855,0.9544217687074834,0.7572977481234346,122
10,79,0.06666666666666665,0.032474600870827264,0.04362880886426579,0.94421768707483,0.6814011676396987,121
10,80,0.07330246913580246,0.037010159651669094,0.053670360110803284,0.952380952380953,0.6964136780650527,120
10,81,0.05987654320987651,0.036465892597968064,0.06371191135734033,0.9884353741496605,0.7656380316930758,119
10,82,0.07330246913580246,0.0380986937590711,0.06128808864265922,0.9680272108843542,0.7122602168473726,118
10,83,0.07530864197530862,0.03610304789550073,0.0730609418282544,0.961904761904762,0.7823185988323615,117
10,84,0.05648148148148152,0.046444121915820036,0.06544321329639846,0.9408163265306126,0.6989157631359468,116
10,85,0.05509259259259258,0.037917271407837405,0.05055401662049874,0.961904761904762,0.761467889908257,115
10,86,0.061111111111111116,0.031204644412191562,0.0460526315789469,0.9544217687074834,0.8098415346121755,114
10,87,0.0700617283950617,0.031204644412191562,0.05782548476454252,0.9591836734693882,0.7281067556296925,113
10,88,0.06265432098765428,0.037010159651669094,0.05193905817174471,0.9469387755102048,0.7364470391993336,112
10,89,0.05802469135802468,0.03846153846153849,0.06821329639889173,0.9346938775510205,0.7272727272727266,111
10,90,0.05493827160493825,0.038280116110304796,0.06440443213296376,0.9850340136054427,0.7597998331943252,110
10,91,0.05879629629629629,0.018505079825834547,0.05540166204986141,0.943537414965987,0.7848206839032486,109
10,92,0.06527777777777777,0.03991291727140783,0.06371191135734033,0.9571428571428573,0.7231025854879078,108
10,93,0.07206790123456791,0.035377358490566,0.050207756232686584,0.9816326530612245,0.7139282735612973,107
10,94,0.0625,0.012699564586357015,0.07963988919667608,0.961224489795919,0.7272727272727266,106
10,95,0.06280864197530867,0.029027576197387495,0.06198060941828265,0.9659863945578233,0.7447873227689747,105
10,96,0.06388888888888883,0.04009433962264147,0.06717451523545703,0.953061224489796,0.7306088407005795,104
10,97,0.05694444444444441,0.03483309143686503,0.04189750692520766,0.945578231292517,0.6563803169307754,103
10,98,0.06419753086419755,0.04481132075471694,0.0664819944598336,0.9687074829931976,0.8023352793995002,102
10,99,0.06774691358024693,0.027576197387518153,0.05782548476454252,0.9598639455782321,0.7030859049207656,101
10,100,0.06188271604938267,0.04027576197387517,0.08621883656509688,0.9374149659863948,0.6964136780650527,100
10,101,0.0625,0.03755442670537007,0.08829639889196672,0.9965986394557826,0.7080900750625503,99
10,102,0.06311728395061728,0.037735849056603765,0.05713296398891954,0.9578231292517012,0.7097581317764785,98
10,103,0.04999999999999999,0.03483309143686503,0.06613573407202233,0.9761904761904767,0.7231025854879078,97
10,104,0.058950617283950624,0.03265602322206096,0.033587257617728294,0.9421768707482996,0.7439532944120089,96
10,105,0.06604938271604938,0.0420899854862119,0.036703601108032835,0.9544217687074834,0.7064220183486256,95
10,106,0.07453703703703707,0.04136429608127723,0.08275623268698018,0.9775510204081637,0.7089241034195126,94
10,107,0.07808641975308639,0.030116110304789556,0.054016620498614554,0.9659863945578233,0.6705587989991635,93
10,108,0.07469135802469135,0.03973149492017414,0.09279778393351812,0.9537414965986399,0.7214345287739761,92
10,109,0.07592592592592595,0.03574020319303334,0.06336565096952862,0.9598639455782321,0.7172643869891573,91
10,110,0.07206790123456791,0.04154571843251087,0.10491689750692501,0.945578231292517,0.7014178482068374,90
10,111,0.0658950617283951,0.04390420899854863,0.09037396121883612,0.961224489795919,0.7197664720600478,89
10,112,0.08456790123456792,0.05152394775036284,0.10041551246537361,0.961224489795919,0.7664720600500416,88
10,113,0.07993827160493827,0.03882438316400583,0.0945290858725758,0.9564625850340138,0.7648040033361134,87
10,114,0.09135802469135806,0.06513062409288822,0.09626038781163393,0.9469387755102048,0.6647206005004165,86
10,115,0.08796296296296297,0.04952830188679247,0.09175900277008298,0.9421768707482996,0.7247706422018325,85
10,116,0.08842592592592591,0.06313497822931785,0.04362880886426579,0.9414965986394561,0.7472894078398653,84
10,117,0.10354938271604935,0.06476777939042089,0.12257617728531844,0.9387755102040818,0.7047539616346938,83
10,118,0.0986111111111111,0.06259071117561682,0.08310249307479234,0.9265306122448984,0.6655546288573824,82
10,119,0.10200617283950619,0.06603773584905659,0.0934903047091411,0.9224489795918367,0.7164303586321914,81
10,120,0.10709876543209879,0.06132075471698112,0.08102493074792205,0.9401360544217687,0.6513761467889871,80
10,121,0.10956790123456789,0.08490566037735847,0.13469529085872534,0.9340136054421775,0.7180984153461196,79
10,122,0.12391975308641973,0.06005079825834542,0.1024930747922439,0.9319727891156466,0.6805671392827328,78
10,123,0.12191358024691357,0.08091436865021773,0.11668975069252063,0.9129251700680272,0.6713928273561294,77
10,124,0.11527777777777776,0.08744557329462993,0.10491689750692501,0.9258503401360545,0.707256046705588,76
10,125,0.12993827160493826,0.0816400580551524,0.09314404432132983,0.9088435374149664,0.7789824854045015,75
10,126,0.13564814814814813,0.09052975326560231,0.13434903047091407,0.9142857142857146,0.6330275229357802,74
10,127,0.14120370370370372,0.09814949201741657,0.13019390581717438,0.9006802721088438,0.713094245204335,73
10,128,0.13317901234567903,0.0919811320754717,0.14196675900277,0.8680272108843536,0.66138448707256,72
10,129,0.15046296296296297,0.11357039187227869,0.15927977839335172,0.8993197278911569,0.7481234361968312,71
10,130,0.14490740740740743,0.11774310595065307,0.13885041551246502,0.8993197278911569,0.66138448707256,70
10,131,0.1648148148148148,0.11647314949201742,0.17624653739612173,0.889795918367347,0.6588824020016659,69
10,132,0.16342592592592586,0.12790275761973874,0.16343490304709096,0.8734693877551023,0.6321934945788144,68
10,133,0.1640432098765432,0.1197387518142235,0.17728531855955643,0.8544217687074833,0.6438698915763155,67
10,134,0.17638888888888887,0.14404934687953552,0.13781163434903032,0.8639455782312933,0.6622185154295224,66
10,135,0.1790123456790123,0.1540275761973875,0.16031855955678687,0.8319727891156465,0.6688907422852388,65
10,136,0.1819444444444444,0.1378809869375907,0.17797783933517985,0.8707482993197284,0.5954962468723934,64
10,137,0.2064814814814815,0.1513062409288824,0.18871191135734033,0.8312925170068031,0.6338615512927426,63
10,138,0.19814814814814813,0.15330188679245282,0.24238227146814362,0.8353741496598639,0.6113427856547133,62
10,139,0.21203703703703702,0.1843251088534107,0.21987534626038796,0.8190476190476192,0.6296914095079202,61
10,140,0.20185185185185184,0.18486937590711172,0.17867036011080328,0.8183673469387758,0.6171809841534603,60
10,141,0.2236111111111111,0.18378084179970977,0.24030470914127422,0.83265306122449,0.6330275229357802,59
10,142,0.22098765432098766,0.20555152394775034,0.2074099722991689,0.8394557823129256,0.6738949124270235,58
10,143,0.23966049382716043,0.20845428156748907,0.17520775623268658,0.8061224489795924,0.637197664720599,57
10,144,0.2503086419753086,0.19992743105950656,0.2309556786703597,0.7673469387755105,0.6088407005838192,56
10,145,0.24120370370370364,0.2249637155297533,0.2641966759002772,0.7877551020408169,0.6063386155129287,55
10,146,0.25987654320987646,0.22677793904208993,0.23199445983379485,0.795238095238096,0.5279399499582986,54
10,147,0.2584876543209876,0.2325834542815674,0.2562326869806091,0.7829931972789117,0.5546288573811502,53
10,148,0.2902777777777777,0.24328737300435416,0.2721606648199444,0.7741496598639457,0.6038365304420346,52
10,149,0.2912037037037037,0.25417271407837444,0.28912742382271484,0.738775510204082,0.5037531276063376,51
10,150,0.2962962962962962,0.2585268505079826,0.29501385041551265,0.7557823129251702,0.5763135946622171,50
10,151,0.29845679012345677,0.2690493468795356,0.27042936288088626,0.7530612244897963,0.4879065888240177,49
10,152,0.3177469135802468,0.26777939042089977,0.29605263157894735,0.7510204081632654,0.5512927439532902,48
10,153,0.3152777777777777,0.2830188679245283,0.28566481994459814,0.7074829931972793,0.5404503753127585,47
10,154,0.3387345679012345,0.3007982583454282,0.33137119113573377,0.7217687074829935,0.5204336947456198,46
10,155,0.3387345679012345,0.3044267053701016,0.30747922437673125,0.7013605442176871,0.5246038365304422,45
10,156,0.35493827160493824,0.3398040638606676,0.3168282548476453,0.702040816326531,0.46705587989991315,44
10,157,0.36373456790123454,0.32529027576197383,0.3642659279778395,0.6884353741496603,0.5004170141784812,43
10,158,0.37407407407407395,0.32819303338171263,0.34833795013850377,0.6802721088435377,0.5020850708924094,42
10,159,0.39104938271604933,0.34724238026124815,0.3656509695290855,0.6523809523809523,0.5095913261050846,41
10,160,0.3942901234567901,0.3652031930333817,0.4030470914127422,0.6632653061224492,0.4495412844036686,40
10,161,0.40972222222222227,0.3731857764876632,0.38504155124653705,0.6482993197278915,0.49457881567973416,39
10,162,0.4242283950617283,0.3793541364296081,0.37257617728531844,0.6523809523809523,0.4420350291909898,38
10,163,0.43410493827160485,0.3942307692307692,0.37950138504155095,0.6367346938775511,0.47623019182652016,37
10,164,0.4484567901234567,0.4054789550072569,0.388850415512465,0.6428571428571432,0.46455379482902615,36
10,165,0.4490740740740741,0.41074020319303334,0.43836565096952906,0.6244897959183677,0.42535446205170757,35
10,166,0.4737654320987655,0.4152757619738751,0.42763157894736814,0.5761904761904768,0.40366972477064067,34
10,167,0.49027777777777765,0.45537010159651664,0.4612188365650969,0.5850340136054424,0.41701417848206646,33
10,168,0.4962962962962963,0.4412191582002903,0.4587950138504153,0.6020408163265305,0.38031693077564555,32
10,169,0.5015432098765431,0.465166908563135,0.48545706371191155,0.5625850340136056,0.40867389491242534,31
10,170,0.522685185185185,0.4918359941944848,0.4906509695290855,0.5591836734693878,0.44787322768974036,30
10,171,0.5287037037037037,0.4807692307692308,0.5093490304709141,0.5632653061224495,0.3994995829858219,29
10,172,0.5447530864197532,0.4929245283018869,0.516274238227147,0.5537414965986396,0.33694745621351174,28
10,173,0.5572530864197531,0.5137880986937591,0.517659279778393,0.527891156462585,0.3828190158465361,27
10,174,0.575,0.5228592162554426,0.5141966759002767,0.5163265306122455,0.34195162635529286,26
10,175,0.5975308641975308,0.5571480406386067,0.5900277008310248,0.4877551020408162,0.3678065054211821,25
10,176,0.6054012345679012,0.5625907111756168,0.5623268698060939,0.5054421768707487,0.3386155129274364,24
10,177,0.6151234567901234,0.5598693759071118,0.5927977839335177,0.472108843537415,0.34361968306922464,23
10,178,0.6300925925925926,0.5863570391872279,0.5945290858725758,0.47414965986394586,0.3110925771476225,22
10,179,0.6341049382716049,0.603410740203193,0.5948753462603875,0.4326530612244901,0.2735613010842357,21
10,180,0.6595679012345679,0.6130261248185778,0.5855263157894735,0.4319727891156462,0.33611342785654585,20
10,181,0.6700617283950616,0.6271770682148039,0.6544321329639886,0.435374149659864,0.32026688907422596,19
10,182,0.6708333333333332,0.6556603773584906,0.6617036011080328,0.44421768707483045,0.2493744787322747,18
10,183,0.692283950617284,0.658200290275762,0.6599722991689747,0.4061224489795925,0.3002502085070873,17
10,184,0.7180555555555554,0.67144412191582,0.6883656509695291,0.3802721088435379,0.24186822351959947,16
10,185,0.7405864197530863,0.6977503628447024,0.7126038781163428,0.3680272108843541,0.17014178482068232,15
10,186,0.7492283950617284,0.6984760522496372,0.7063711911357338,0.34693877551020424,0.22935779816513602,14
10,187,0.7597222222222222,0.7104499274310596,0.7448060941828252,0.3285714285714283,0.21851542952460434,13
10,188,0.7882716049382716,0.742198838896952,0.7527700831024928,0.33197278911564654,0.2310258548790678,12
10,189,0.8072530864197531,0.7547169811320755,0.7222991689750686,0.30612244897959195,0.21851542952460434,11
10,190,0.8114197530864198,0.7797532656023223,0.7686980609418281,0.30000000000000027,0.2210175145954949,10
10,191,0.8308641975308644,0.7855587808417996,0.80090027700831,0.2639455782312927,0.1618015012510412,9
10,192,0.8541666666666667,0.8013425253991291,0.8265235457063711,0.24761904761904763,0.1025854879065875,8
10,193,0.8708333333333333,0.8240203193033382,0.814058171745152,0.259183673469388,0.17180984153461054,7
10,194,0.8783950617283951,0.829644412191582,0.8365650969529086,0.25102040816326543,0.09507923269391227,6
10,195,0.8996913580246915,0.850145137880987,0.8569944598337944,0.22312925170068043,0.10341951626355339,5
10,196,0.9263888888888889,0.8652031930333817,0.8611495844875345,0.18571428571428594,0.08507089241034294,4
10,197,0.9396604938271604,0.8889695210449928,0.8933518005540164,0.1993197278911567,0.16597164303586354,3
10,198,0.9498456790123457,0.8925979680696661,0.8815789473684208,0.1659863945578235,0.05087572977480903,2
10,199,0.9733024691358025,0.9312409288824384,0.943559556786703,0.16666666666666696,0.14095079232693664,1
10,200,0.9890432098765434,0.9283381712626995,0.9525623268698058,0.1183673469387756,0.03169307756463624,0
